company,headline,sentiment
3M Corporation,"MedTech Dive
3M on track to complete healthcare spinoff in first half of 2024
3M remains on track to spin out its healthcare unit in the first half of the year, the company said as part of its fourth-quarter results.
.
24 Jan 2024",0.0
3M Corporation,"Manufacturing Dive
3M pours nearly $150M into its biopharma filtration capabilities
Minnesota-based conglomerate 3M plans to spend $146 million on improving its filtration technology to support biopharmaceutical drug production,...
.
9 Jun 2023",0.6705
3M Corporation,"Manufacturing Dive
3M puts R&D at the forefront in new budget priorities
The chemical-making titan wants to accelerate the development and manufacturing of new products in 2025.
.
29 Oct 2024",0.0
3M Corporation,"Nasdaq
3M Completes Spin-off Of Healthcare Business Solventum
(RTTNews) - 3M Company (MMM) Monday said it has completed the spin-off of its health care business named Solventum Corporation, which is listed on the New...
.
1 Apr 2024",0.4939
3M Corporation,"MedTech Dive
3M reaches $6B settlement to resolve combat earplug lawsuits
The settlement would resolve allegations that 3M hid design flaws, fudged test results and failed to provide instructions for proper use.
.
29 Aug 2023",-0.3182
3M Corporation,"The Motley Fool
3M Stock: Buy, Sell, or Hold?
3M isn't a bad company. But it is still a company dealing with material change that has been driven by big legal and regulatory headwinds.
.
31 Aug 2024",0.184
3M Corporation,"WaterWorld
3M announces $10.3B agreement for PFAS remediation
Water systems suing 3M have reached a $10.3 billion settlement over per- and polyfluoroalkyl substances pollution in U.S. drinking water systems.
.
22 Jun 2023",0.3612
3M Corporation,"Nasdaq
3M Company Produces a Huge Free Cash Flow Quarter - MMM Stock Looks Cheap Here
Setting a Price Target for MMM Stock. Keep in mind that the dividend yield for MMM stock is 2.20%. So, if the market were to assume that 100% of its FCF was...
.
29 Jul 2024",0.6808
3M Corporation,"Investopedia
3M Stock Price Jumps 20% to Two-Year High on Strong Earnings, Guidance
3M shares soared as the conglomerate beat profit and sales estimates under new CEO William Brown. The company also raised its full-year earnings guidance.
.
26 Jul 2024",0.8126
3M Corporation,"Yahoo Finance
3M Cut Its Dividend: It's Time to Buy the Stock
In its first quarter earnings announcement last week, 3M (NYSE: MMM) revealed that it will be cutting its dividend -- and that's actually good news.
.
7 May 2024",0.0772
3M Corporation,"MarketWatch
3M CEO in line for $26 million pension — as company freezes the plan for workers
Company accounts reveal that Roman, 63, has received a staggering $19.3 million boost to his company pension (and other nonqualified deferred compensation plans)...
.
9 Jan 2024",0.3818
3M Corporation,"The Motley Fool
3M's Healthcare Spinoff Is Set for April 1. Should You Buy the New Stock?
Healthcare investors will soon get a new stock they can invest in. 3M (MMM -0.44%) is in the midst of spinning off its healthcare business, and the stock is...
.
19 Mar 2024",-0.4404
3M Corporation,"Innovation in Textiles
3M leads new funding for CNT pioneer
Canatu, the manufacturer of advanced carbon nanotubes (CNTs) based in Vantaa, Finland, has closed an €18 million funding round led by long-standing investors.
.
1 Nov 2022",0.5574
3M Corporation,"The Motley Fool
Why 3M Stock Is Crashing Today
3M delivered a bottom-line beat in the fourth quarter despite top-line weakness. The company's 2024 guidance implies some downside risk.
.
23 Jan 2024",-0.5673
3M Corporation,"SHINE - BEYOND A SINGLE STORY
3M accelerates sustainable development in China
American company 3M has been accelerating sustainable development through Green Process & Produc.
.
11 Oct 2023",0.0
3M Corporation,"The Business Times
3M forecast falls short of estimates as consumers stay wary
3M forecast 2024 profits and sales growth below Wall Street expectations as it continues to contend with sluggish consumer demand that has weighed on growth.
.
23 Jan 2024",0.6249
3M Corporation,"PR Newswire
3M invests in green hydrogen leader Ohmium in continuing effort to advance breakthrough climate technologies
3M (NYSE: MMM) has completed a strategic investment in Ohmium International, a developer of electrolyzer systems for green hydrogen production.
.
16 Jul 2024",0.0
3M Corporation,"Manufacturing Dive
3M on track to sunset PFAS manufacturing by 2026
The company has reformulated or discontinued nearly 25000 products with links to forever chemicals.
.
30 Jan 2024",0.0
3M Corporation,"3M News Center
3M achieves Science Based Targets initiative validation, strengthening commitment to decarbonization and customer innovation
Announces first scope 3 goal, a milestone for a diverse, global company with thousands of products; Refines scopes 1 and 2 near-term targets for 2030 in...
.
3 Oct 2024",0.8126
3M Corporation,"Chemistry World
3M pledges to exit PFAS manufacturing
3M has decided to remove all per- and polyfluoroalkyl substances (PFAS) from its product portfolio and 'exit all PFAS manufacturing' by the end of 2025.
.
6 Jan 2023",0.0
3M Corporation,"Fierce Biotech News & Reports
3M layoff tally climbs to 8,500 in companywide restructuring ahead of healthcare spinout
Another 6000 3M employees are set to be laid off, joining the 2500 job cuts announced earlier this year.
.
26 Apr 2023",-0.296
3M Corporation,"MassDevice
3M has a name for its healthcare business spinoff
3M (NYSE: MMM) +. 3M Company $145.83 4.95% Open 155.575 Day High 156.081 52 Week High 128.65 52 Week Low 82.08 today announced a name for its healthcare...
.
16 Nov 2023",-0.2732
3M Corporation,"Organized Crime and Corruption Reporting Project | OCCRP
3M’s Recent Bribery Violations a “Very Common Practice” in Business, Expert Says
Recent headlines about the multinational conglomerate 3M violating the U.S. Foreign Corrupt Practices Act (FCPA) through its bribery of Chinese government...
.
6 Sept 2023",-0.886
3M Corporation,"PR Newswire
3M and Guardhat announce collaboration on connected safety
PRNewswire/ -- 3M today announced a collaboration with Guardhat, an industry-leading connected safety software company. Given the importance of connectivity...
.
2 Mar 2023",0.7964
3M Corporation,"Sustainability Magazine
3M Warns Producers: Inconvenience Hinders Sustainable Buys
Industrial machinery firm 3M's survey reveals plenty of good intentions – but there is a 'tipping point' stopping consumers from making sustainable choices.
.
30 Jun 2024",-0.2263
3M Corporation,"Entrepreneur
Has 3M Reached the Point of Being so Bad It's Good?
If you're an investor in 3M (NYSE:MMM) you're aware of the perfect storm that's swirling around the company and its stock. The company got a lift from being...
.
15 Sept 2022",0.4161
3M Corporation,"Reuters
3M agrees to pay $6 billion in US military earplug lawsuit settlement
3M has agreed to pay $6.01 billion to settle lawsuits by U.S. military veterans and service members who say they suffered hearing loss from using the...
.
29 Aug 2023",-0.7096
3M Corporation,"Yahoo Finance
State Street Corp's Strategic Acquisition of 3M Co Shares
On September 30, 2024, State Street Corp made a significant addition to its investment portfolio by acquiring 306331 shares of 3M Co (NYSE:MMM) at a price...
.
17 Oct 2024",0.6369
3M Corporation,"Business Wire
Consumer Protection Law Firm Hagens Berman Sues 3M, Others in Class Action Alleging PFAS “Forever Chemicals” in Millions of Carpets
A lawsuit says homes contain carpets infused with PFAS or “forever chemicals,” which manufacturers attempted to cover up, according to Hagens Berman.
.
30 Aug 2024",-0.2263
3M Corporation,"Quartz
3M is freezing pension plans, even as other companies like IBM find the practice outdated
3M just halted pensions for non-union US workers, soon after IBM brought defined benefit plans back.
.
9 Jan 2024",0.6249
3M Corporation,"Barron's
3M Is Leaner and Ready to Grow. It’s Time to Buy the Stock.
3M has been making big changes that have resulted in a smaller, safer, and more nimble company. It spun off its healthcare business on April 1, announced legal...
.
10 May 2024",0.6486
3M Corporation,"Yahoo Finance
3M Company (MMM): Among the Biggest Dividend Cuts and Suspensions of 2024
We recently compiled a list of the 10 Biggest Dividend Cuts and Suspensions of 2024. In this article, we are going to take a look at where 3M Company...
.
23 Dec 2024",-0.5267
3M Corporation,"CNN
3M agrees to pay $6 billion after US military said faulty earplugs led to hearing loss
3M has agreed to pay $6 billion to resolve roughly 300000 lawsuits alleging that the manufacturing company supplied faulty combat earplugs to the military...
.
29 Aug 2023",-0.6369
3M Corporation,"VnExpress International
Apple supplier 3M launches Hanoi center
American adhesives producer 3M Corporation, a major supplier to Apple, has launched its Science and Technology Center in Hanoi for research and development...
.
14 Aug 2024",0.128
3M Corporation,"ETHRWorld.com
This is how 3M India’s ‘Work Your Way’ model providing flexibility to its employees
The article also talks about the company's various initiatives to attract women talent into the manufacturing workspace.
.
12 Jun 2023",0.7717
3M Corporation,"Fierce Biotech News & Reports
Mystery solved: 3M unveils Solventum as name of planned healthcare spinoff
3M appears to have chosen the latter, with its upcoming healthcare company now being dubbed Solventum, according to an announcement Thursday.
.
17 Nov 2023",0.2732
3M Corporation,"3M News Center
14-year-old named America's Top Young Scientist for inventing an AI handheld pesticide detector
ST. PAUL, Minn. and CHARLOTTE, N.C., Oct. 16, 2024 /PRNewswire/ -- 3M (@3M) and Discovery Education (@DiscoveryEd) named Sirish Subash, a 9th grader at...
.
16 Oct 2024",0.2023
3M Corporation,"Window Film Magazine
3M, Mr. Tint Name Witnesses for Case
3M plans to call as witnesses Pam Dorrough, 3M's northeastern territory manager, and Tom Nocilo, owner of Mr. Tint, as witnesses.
.
17 Apr 2024",0.0
3M Corporation,"Investopedia
3M Stock Climbs After Company Appoints Bill Brown as CEO
Shares in 3M Company (MMM) moved sharply higher Tuesday after the company said it had appointed William M. ""Bill"" Brown as the new chief executive officer.
.
12 Mar 2024",0.296
3M Corporation,"Dentistry UK
Solventum launches 3M Clarity aligners to UK dentists
Solventum, the company formerly known as 3M Health Care, has launched its new 3M Clarity aligners to the dental professional market.
.
31 Jul 2024",0.8442
3M Corporation,"MassDevice
3M board approves Solventum healthcare spinoff
3M (NYSE: MMM) +. 3M Company $147.873 1.08% Open 144.505 Day High 147.156 52 Week High 128.65 52 Week Low 82.08 announced last week that its board of...
.
11 Mar 2024",0.1531
3M Corporation,"The New York Times
3M Reaches $10.3 Billion Settlement in ‘Forever Chemicals’ Suits (Published 2023)
The chemical and manufacturing giant 3M reached a $10.3 billion settlement on Thursday with US cities and towns over their claims that the company contaminated...
.
22 Jun 2023",0.1531
3M Corporation,"Entrepreneur
3M Stock is Worth a Look Because of the Company it Keeps
3M does business with many of the sectors that feature the disruptive technology which will define the market for years to come. That's why investors should...
.
4 May 2022",-0.1027
3M Corporation,"Supply Chain Dive
3M brings in new procurement head
The company hired Kelly Bysouth, former chief supply chain officer at automotive supplier IAC Group, as SVP of strategic sourcing and packaging solutions.
.
26 Jun 2023",0.1779
3M Corporation,"Morningstar
3M’s Stock Is a Value Trap, as PFAS Settlement Doesn’t End the Risks to Shareholders
We're reducing our fair value estimate for 3M MMM to $121 from $127, based on the company's June 22 $10.3 billion settlement of various lawsuits.
.
23 Jun 2023",0.2732
3M Corporation,"The Motley Fool
Is 3M the Best Value Stock for You?
3M is a value stock, but not a deep-value stock. In other words, it's not the high-risk/high-reward investment many aggressive investors seek.
.
11 Jul 2024",0.2846
3M Corporation,"ESG Today
3M Commits to Reduce Emissions Across the Value Chain by More than 40% by 2030
3M announced a series of new and updated climate-related goals, including a new target to reduce absolute Scope 3 greenhouse gas (GHG) emissions by 42% by 2030.
.
7 Oct 2024",0.3612
3M Corporation,"Barron's
3M’s Healthcare Spinoff Solventum Stock Fell. Here’s What It’s Worth.
Shares of Solventum, 3M's soon-to-be-spun-off healthcare business, started trading this week. The initial stock price was $80, but shares closed their first...
.
27 Mar 2024",0.5927
3M Corporation,"PR Newswire
3M and US Conec Collaborate on Expanded Beam Optical Interconnect Technology for Data Centers
Licensing agreement combines advanced optical innovations from 3M with US Conec's expertise in high-density connectivity solutions for next-generation...
.
19 Dec 2024",0.7096
3M Corporation,"3M News Center
3M cuts the ribbon on $67 million investment at facility in Valley, Nebraska
3M has cut the ribbon on a new 90000-square-foot expansion at the company's facility in Valley, Nebraska, that will increase the plant's manufacturing...
.
9 May 2024",-0.25
3M Corporation,"Thomasnet
3M’s Business Path Proves Endurance Is Worth It
3M is an American multinational corporation that manufactures an extensive range of products for industries including automotive, consumer, manufacturing,...
.
9 Mar 2023",0.2263
3M Corporation,"Zacks Investment Research
3M Company Rises 29.8% in 6 Months: What Should Investors Do?
What would you like to follow? ... 3M Company's ( MMM Quick Quote MMM - Free Report) investors have been witnessing some short-term gains from the stock of late.
.
10 Dec 2024",0.8205
3M Corporation,"Law.com
3M Legal Chief Moves Onto Company's Highest-Paid List After Year of Taming Threats
3M Legal Chief Moves Onto Company's Highest-Paid List After Year of Taming Threats. Chief Legal Affairs Officer Kevin Rhodes ""drove actions to reduce risk and...
.
28 Mar 2024",-0.6369
3M Corporation,"Star Tribune
How a business that looked so good turned so bad for 3M
Earplugs for military use were a small business at company 3M bought in 2008. Today, that business is costing 3M billions.
.
28 Jul 2022",-0.0134
3M Corporation,"IEEE Spectrum
The Rise and Fall of 3M’s Floppy Disk
This history of 3M's tape technology covers Scotch Tape, Scotch 111 reel-to-reel tape and floppy disks, as well as why the high-profile creator of magnetic...
.
2 Apr 2024",0.2732
3M Corporation,"Bloomberg
3M Soars Most Since 1980 as New CEO Offers Glimpse of Turnaround
3M Co.'s stock notched its biggest gain in more than 40 years as investors embraced its new chief executive officer's plan to put the iconic conglomerate...
.
26 Jul 2024",0.5267
3M Corporation,"Forbes
What’s Next For 3M Stock After A 20% Rise Last Week Amid Q2 Beat?
The company reported adjusted revenue of $6.0 billion and earnings of $1.93 on a per-share and adjusted basis, compared to the consensus estimates of $5.9...
.
30 Jul 2024",0.0
3M Corporation,"Reuters
3M, Corteva, Chemours hit with class action over 'forever chemicals' in carpet
3M , Corteva and Chemours were hit with a class action lawsuit on Friday accusing them of covering up the health risks of so-called ""forever chemicals"" used...
.
30 Aug 2024",-0.5719
3M Corporation,"Capital.com
3M Activist Investor | What You Need To Know
We look at the prospects of a 3M activist investor after the investment bank increases its exposure to the conglomerate by 75%. Read on…
.
28 Nov 2022",0.296
3M Corporation,"The American Homefront Project
3M has agreed to pay $6 billion over faulty earplugs. Now, plaintiffs must decide whether to accept.
3M Company has agreed to pay $6 billion to veterans and service members who say their hearing was damaged while they used earplugs made by a subsidiary of the...
.
7 Sept 2023",-0.0516
3M Corporation,"CNN
3M agrees to pay almost $10 million to settle apparent Iran sanctions violations
3M has agreed to pay almost $10 million to settle apparent violations of Iranian sanctions, the US Office of Foreign Assets Control said last week.
.
26 Sept 2023",-0.6124
3M Corporation,"Nasdaq
Is Trending Stock 3M Company (MMM) a Buy Now?
3M (MMM) is one of the stocks most watched by Zacks.com visitors lately. So, it might be a good idea to review some of the factors that might affect the...
.
27 Sept 2024",0.4404
3M Corporation,"The Motley Fool
Is 3M Stock a Buy?
The high-yielding blue chip stock is attracting a lot of interest among income-seeking investors.
.
29 Dec 2023",0.4939
3M Corporation,"Reuters
3M India posts smallest profit growth in nine quarters as costs bite
Diversified products maker 3M India posted on Thursday its smallest profit growth in nine quarters, as surging input costs countered sustained demand for...
.
8 Feb 2024",0.8591
3M Corporation,"Fortune
‘Dividend aristocrat’ no more: 3M slashes payout after more than 60 years of only boosting it
3M Co. plans to slash its dividend, ending more than six decades of boosting the payout each year as it enters a new era following the spinoff of its health-...
.
30 Apr 2024",-0.1477
3M Corporation,"Reuters
3M appoints Otis executive Maheshwari as its new CFO
The company logo and trading information for 3M is displayed on a screen on the floor of the New York Stock Exchange (NYSE) in New York City, U.S.,...
.
1 Aug 2024",0.0
3M Corporation,"Yahoo Finance
Here's Why You Should Hold on to 3M (MMM) Stock Right Now
3M (MMM) benefits from strength in electronics, and automotive and aerospace end markets. Also, the company's measures to reward its shareholders are...
.
13 Jun 2024",0.8591
3M Corporation,"3M News Center
The world stage is set for 3M at CES
3M is back at CES – the most powerful tech event on the planet - and ready to showcase its game-changing innovation to the world.
.
11 Jan 2024",0.8016
3M Corporation,"belganewsagency.eu
3M production process shut down after illegal PFAS emissions
Flemish authorities have shut down part of production at chemical company 3M's plant in Zwijndrecht after detecting illegal emissions of PFAS synthetic...
.
23 Sept 2023",-0.802
3M Corporation,"Analytics India Magazine
How 3M Deploys AI-focussed Tech
Founded in 1902 as the Minnesota Mining and Manufacturing Company, 3M is known for its innovation and the ability to develop new and useful products that...
.
5 Jan 2023",0.7783
3M Corporation,"CNA
Company director admits having almost 10,000 fake 3M masks for sale during COVID-19 pandemic
Enam Ahmed Nayeem Chowdhury pleaded guilty to one count under the Trade Marks Act of being in possession of fake branded goods for sale.
.
15 May 2023",-0.7386
3M Corporation,"Investopedia
3M Completes Health Care Spinoff, and a Court Finalizes 'Forever Chemicals' Settlement
3M completed the spinoff of its health care unit, called Solventum, which began trading on the NYSE and entered the S&P 500 Monday, and the conglomerate...
.
1 Apr 2024",0.7506
3M Corporation,"Yahoo Finance
Is 3M Company (MMM) Best Performing Dow Stock in 2024?
In this article, we will look at where 3M Company (NYSE:MMM) ranks on our list of the best-performing Dow stocks in 2024.
.
28 Sept 2024",0.6369
3M Corporation,"Reuters
Breakingviews - Post-it maker 3M is in danger of coming unstuck
3M's pollution prevention pride came long before its looming fall. The sprawling industrial conglomerate in 1975 helped pioneer corporate sustainability by...
.
19 Jul 2023",-0.3612
3M Corporation,"Forbes
After A 14% Fall This Year Is 3M Stock A Better Pick Over Honeywell?
Given its attractive valuation, we believe 3M stock (NYSE: MMM) is a better pick than its sector peer, Honeywell stock (NYSE: HON).
.
13 Dec 2023",0.8271
3M Corporation,"The Motley Fool
Where Will 3M Be in 1 Year?
One thing is sure: 3M (MMM -1.10%) will look much different at the end of 2024 than when this year finishes. Still, the critical question is whether that's...
.
3 Dec 2023",-0.4404
3M Corporation,"Business Standard
3M India Q1 results: Net profit jumps 22% to Rs 157 cr as expenses ease
3M India reported on Tuesday a 22 per cent jump in its first-quarter profit, as a decrease in total expenses helped lift the diversified products maker's...
.
6 Aug 2024",0.8074
3M Corporation,"Reuters
3M names Bryan Hanson as CEO of its health care business
3M Co said on Tuesday that Bryan Hanson would be the chief executive officer of the healthcare company it plans to spin off.
.
22 Aug 2023",0.4939
3M Corporation,"belganewsagency.eu
137,000 tonnes of soil to be replaced in remediation project surrounding 3M site
A remediation project in the wider area around the 3M chemical company site in the province of Antwerp requires the excavation and replacement of...
.
14 May 2024",0.0
3M Corporation,"MassDevice
3M Health Care Group president is leaving ahead of spinoff
3M (NYSE:MMM) announced today that Jeff Lavers, group president of its Health Care Business Group, intends to depart the company.
.
9 Nov 2023",0.7506
3M Corporation,"MassDevice
3M to spin off Solventum Health Care unit on April 1
3M (NYSE: MMM) +. 3M Company $145.83 4.95% Open 155.575 Day High 156.081 52 Week High 128.65 52 Week Low 82.08 announced today that it filed an SEC Form 10...
.
21 Feb 2024",0.2732
3M Corporation,"Investopedia
ADM Hires 3M CFO Amid Government Investigation
3M Chief Financial Officer Monish Patolawala has left the company to take the same position at Archer Daniels Midland, the company announced Wednesday.
.
10 Jul 2024",0.0
3M Corporation,"Yahoo Finance
Is 3M Company (MMM) One of the Best Nanotechnology Stocks to Buy According to Hedge Funds?
In drug delivery, nanoscale technologies enhance how medications work by improving their stability and effectiveness. Perhaps the most exciting breakthrough is...
.
30 Dec 2024",0.8883
3M Corporation,"Zacks Investment Research
3M (MMM) Rises 21% in a Month: Is the Stock Worth Buying?
3M Company's ( MMM Quick Quote MMM - Free Report) shares have rallied 21% over the past month, outperforming the Zacks Diversified Operations industry's...
.
19 Aug 2024",0.7506
3M Corporation,"Manufacturing Dive
3M appoints new CEO
The manufacturing giant named former L3Harris Technologies CEO William Brown as its chief executive, effective May 1.
.
12 Mar 2024",0.4767
3M Corporation,"Agriculture Dive
ADM hires 3M CFO, signaling push for fresh start after accounting woes
Archer Daniels Midland said Wednesday it appointed Monish Patolawala — most recently the CFO of industrial product maker 3M — as its executive vice president...
.
11 Jul 2024",-0.1531
3M Corporation,"Packaging Digest
3M Mailer Combines Recyclability with Right-Sizing
The paper-based material is more than 99% repulpable. As part of an automated solution, the material offers three-times faster packing than manual methods.
.
4 Jun 2024",0.3182
3M Corporation,"Yahoo Finance
Why Is 3M Company (MMM) Among the Best Dividend Stocks to Invest In?
In this article, we are going to take a look at where 3M Company (NYSE:MMM) stands against the other dividend stocks.
.
19 Dec 2024",0.6369
3M Corporation,"| Asian Legal Business
ALB Conversations: Elizabeth Kong, 3M
Elizabeth Kong, Asia general counsel for three of 3M's largest business verticals, talks about how her days are as unpredictable as Forrest Gump's box of...
.
23 Sept 2024",0.128
3M Corporation,"Barron's
3M Is a Fallen ‘Dividend Aristocrat.’ Here’s Its New Payout.
It's official. 3M cut its dividend significantly. The materials company declared a dividend of 70 cents per share on Tuesday evening.
.
15 May 2024",-0.34
3M Corporation,"Investopedia
S&P 500 Gains and Losses Today: 3M Shares Tumble Following Weak 2024 Outlook
3M was Tuesday's weakest stock on the S&P 500 and the Dow, plummeting 11.0% after the conglomerate's outlook for 2024 came in well below expectations.
.
23 Jan 2024",-0.4939
3M Corporation,"ESG Dive
Texas AG sues 3M, DuPont over PFAS-linked products
Texas Attorney General Ken Paxton alleged that the companies marketed products containing the forever chemicals as safe, despite knowing of potential harms for...
.
16 Dec 2024",-0.0772
3M Corporation,"5 EYEWITNESS NEWS
Reports indicate layoffs could be coming to 3M
Maplewood-based 3M is in the process of possible layoffs coming to its workforce, a company spokesperson confirmed Thursday.
.
1 Sept 2022",0.0
3M Corporation,"JD Supra
Corruption, Crime & Compliance - 3M’s SEC FCPA Settlement
3M's recent $6 million settlement with the SEC for violating the FCPA serves as a stark reminder of the risks global companies face in today's economy.
.
2 Oct 2023",-0.8442
3M Corporation,"Simply Wall Street
Optimistic Investors Push 3M Company (NYSE:MMM) Shares Up 26% But Growth Is Lacking
The 3M Company ( NYSE:MMM ) share price has done very well over the last month, posting an excellent gain of 26%. The...
.
24 Aug 2024",0.969
3M Corporation,"Cemex
CEMEX and 3M join forces to create a better future
CEMEX and 3M join forces to create a better future · CEMEX and 3M sign agreement to use waste as an energy source in Panama. · CEMEX will utilize 3M's waste as...
.
7 Apr 2022",0.9022
3M Corporation,"Nasdaq
Can 3M Company Double in 5 Years? Here's What It Would Take
The consensus is that 3M will grow earnings between 4% and 7% annually over the next few years. Put the litigation in the rearview mirror, add some better...
.
16 Feb 2024",-0.2023
3M Corporation,"Manufacturing.net
3M Announces New CEO
3M announced Tuesday that it appointed William M. “Bill” Brown as the company’s new chief executive officer, effective May 1.
.
12 Mar 2024",0.4767
3M Corporation,"The Washington Post
3M to pay $10.3 billion to settle lawsuits over ‘forever chemicals’ in drinking water
3M announced late Thursday that it has reached a sweeping settlement with US cities and towns over claims that the company contaminated water supplies with “...
.
23 Jun 2023",-0.1531
3M Corporation,"PR Newswire
3M Announces Upcoming 2025 Investor Day
PRNewswire/ -- 3M (NYSE: MMM) today announced the following investor event: 3M 2025 Investor Day to be held at 3M's global headquarters in St. Paul,...
.
10 Dec 2024",0.0
3M Corporation,"The Motley Fool
After Falling 65%, Is 3M the Ultimate Buy-and-Hold Stock?
3M is a blue chip stock trading at a deep discount, but there's one thing you must understand before jumping in.
.
23 Feb 2024",-0.3071
3M Corporation,"Fierce Biotech News & Reports
3M CEO says healthcare spinout 'progressing' as revenues fall across the company
3M CEO says healthcare spinout 'progressing' as revenues fall across the company ... The long-planned spinout of 3M's healthcare business is still set to be...
.
26 Oct 2023",0.0
3M Corporation,"IndustryWeek
3M Eyes $260 Million Annual Savings, Mostly via Supply Chain Efficiency
CEO Bill Brown wants consolidation as part of the company's “long journey” to becoming more efficient.
.
23 Oct 2024",0.6801
3M Corporation,"belganewsagency.eu
Chemical giant 3M accelerates PFAS phase-out in Zwijndrecht
Chemical company 3M Belgium will accelerate the phase-out of PFAS-related production processes at its Zwijndrecht site.
.
11 Jan 2024",0.0
3M Corporation,"The Motley Fool
3M: Buy, Sell, or Hold?
For most investors, the answer is probably no; don't buy 3M. The company is materially different today than it was just a few years ago.
.
11 May 2024",-0.6249
3M Corporation,"Dentistry Today
3M Completes Spin-off of Solventum
3M recently completed the planned spin-off of its health care business, which formally launched Solventum Corporation as an independent company.
.
8 Jul 2024",0.5719
3M Corporation,"The Washington Post
3M will stop making dangerous ‘forever chemicals’
The announcement comes as 3M is facing an onslaught of lawsuits from states and individuals who are claiming contamination from PFAS chemicals harmed their...
.
20 Dec 2022",-0.8402
3M Corporation,"CNN
3M announces mass layoffs as manufacturing slows
3M announced significant layoffs Tuesday as part of yet another major restructuring plan as the manufacturing sector prepares for a possible recession.
.
25 Apr 2023",-0.25
3M Corporation,"Reuters
3M hires outsider Bill Brown as CEO, shares jump
3M (MMM.N) has tapped Bill Brown, the former top boss at L3Harris Technologies (LHX.N), as its next CEO, betting on an outsider to steer the company.
.
12 Mar 2024",0.4588
3M Corporation,"The Motley Fool
Should You Buy 3M Before April 1?
3M will spin off its healthcare unit on April 1. It's already past the record date to ensure you'll receive those shares. Patience could pay off because...
.
21 Mar 2024",0.128
3M Corporation,"CNBC
3M faces more legal headaches after $6 billion earplug settlement
3M is on the verge of ending the largest mass tort litigation in U.S. history, but it still faces other legal headaches. The company is also awaiting...
.
29 Aug 2023",0.2928
3M Corporation,"The Motley Fool
Here's Why 3M Stock Soared by 25% in July
Investors are excited about the new CEO's plans to improve the company's performance.
.
5 Aug 2024",0.34
3M Corporation,"Seeking Alpha
3M Says Bye To Solventum - Why I Stick To My Bullish Call (NYSE:SOLV)
3M Company completed its spinoff of healthcare business, Solventum, enabling focused growth. Check out why I am bullish on MMM and SOLV stocks.
.
2 Apr 2024",0.6369
3M Corporation,"Al Jazeera
3M agrees to pay $6bn settlement in US military earplug lawsuit
3M has agreed to pay $6.01bn to settle lawsuits by United States military veterans and service members who say they suffered hearing loss from using the...
.
30 Aug 2023",-0.4767
3M Corporation,"HR Dive
3M on the hook for more than $300K in penalties after employee’s death
OSHA said Tuesday that the manufacturer could have prevented the incident at a Wisconsin plant had it followed federal workplace safety regulations.
.
8 Nov 2023",-0.25
3M Corporation,"Barchart.com
3M Company Stock Is A Favorite Of Value Investors And Short-Put Investors
3M Company Stock Is a Favorite of Value Investors and Short-Put Investors ... 3M Company (MMM) is a popular value stock given its strong free cash flow and cheap...
.
7 Oct 2024",0.9666
3M Corporation,"IndustryWeek
New 3M CEO: Time to Invent Stuff Again
The company that was first to bring to market masking tape, Post-It Notes and hundreds of other products over the past 120 years needs to rediscover its...
.
30 Jul 2024",0.0
3M Corporation,"The Motley Fool
Why Shares in 3M Disappointed in 2023
Weak end markets, legal settlements, and disappointing performance relative to guidance hit the stock last year. The valuation and dividend yield are...
.
9 Jan 2024",-0.8555
3M Corporation,"Engineering.com
Jabil leadership shakeup; 3M plant expansion; ABB buys Siemens division
Jabil Inc., a St. Petersburg, Fla.-based provider of manufacturing and supply chain services, has named Michael Dastoor as CEO, replacing Kenneth Wilson.
.
24 May 2024",-0.1531
3M Corporation,"USA Today
3M earplugs caused hearing loss. Company will settle lawsuit for $6 billion
3M earplugs caused hearing loss. Company will settle lawsuit for $6 billion ... 3M has agreed to pay more than $6 billion to consumers and military members who...
.
29 Aug 2023",-0.6908
3M Corporation,"Reuters
3M's $10.3 billion PFAS settlement gets preliminary approval
3M on Tuesday secured preliminary approval for a $10.3 billion deal resolving claims by U.S. public water providers that the company polluted drinking water...
.
31 Aug 2023",0.8176
3M Corporation,"The Healthcare Technology Report.
3M Unveils “Solventum” as Name for Independent Health Care Company Post Spin-Off
3M has unveiled the name “Solventum” for its upcoming independent health care company. The name, derived from the words “solving” and “momentum,” captures the...
.
27 Nov 2023",0.7506
3M Corporation,"Forbes
What’s Happening With 3M Stock?
3M stock (NYSE: MMM) has seen a 7% fall in a month, compared to a 3% fall for the broader S&P500 index.
.
29 Aug 2023",0.0
3M Corporation,"3M News Center
3M Reveals Solventum as New Name for Planned, Independent Health Care Company Following Spin-Off
3M (NYSE: MMM) today announced Solventum will be the name of the planned, independent health care company following its spin-off.
.
16 Nov 2023",0.7506
3M Corporation,"MedTech Dive
3M spins out Solventum
The new company will need to work through debt from the spinoff and sole-source arrangements with 3M.
.
1 Apr 2024",-0.3612
3M Corporation,"Reuters
3M settles US anti-bribery law charges in China unit, SEC says
3M Co has agreed to pay more than $6.5 million to resolve U.S. charges of Foreign Corrupt Practices Act violations (FCPA) related to a 3M subsidiary in...
.
25 Aug 2023",-0.5106
3M Corporation,"WPR
Report: 3M, a global company with Wisconsin workers, is under stress from lawsuits
The global manufacturing giant 3M operates four plants in Wisconsin communities and appears to be struggling, according to a recent report in the Wall Street...
.
25 Oct 2023",-0.7351
3M Corporation,"Fierce Biotech News & Reports
3M rolls out skin-sticking adhesive allowing wearable monitors to last up to 4 weeks
3M has developed a new medical product with major staying power. The newest addition to the company's line of adhesives is designed to stay in place for up...
.
7 Feb 2023",0.0
3M Corporation,"MassDevice
3M completes Solventum healthcare business spinoff
3M (NYSE: MMM) announced today that it completed the spinoff of its Solventum healthcare business as a standalone company.
.
1 Apr 2024",0.0
3M Corporation,"Fortune
3M’s CEO is set to score a $26 million pension while the company freezes plans for non-union employees
3M's CEO is set to score a $26 million pension while the company freezes plans for non-union employees.
.
13 Jan 2024",-0.0516
3M Corporation,"The New Yorker
How 3M Discovered, Then Concealed, the Dangers of Forever Chemicals
3M found that many of its products, including Scotchgard and Scotchban, leached toxic chemicals called PFAS. Sharon Lerner reports on why the company kept...
.
20 May 2024",-0.4939
3M Corporation,"The Motley Fool
Why 3M Stock Plunged in January
3M shares have been battered by a series of missed earnings and sales targets and projections about future growth that never materialized.
.
2 Feb 2024",-0.0772
3M Corporation,"Forbes
What’s Next For 3M Stock After A 24% Fall This Year?
3M (NYSE: MMM) recently reported its Q3 results, with revenues falling below and earnings beating the street estimates, and we believe that MMM stock has...
.
2 Nov 2023",-0.5574
3M Corporation,"PR Newswire
3M Finalizes Separation of its Food Safety Business and Merger of the Business with Neogen; Accepts Shares Tendered in Exchange Offer
3M (NYSE: MMM) announced today both the successful completion of its split-off exchange offer for 3M common stock in connection with the previously announced...
.
1 Sept 2022",0.891
3M Corporation,"Reuters
3M names new healthcare spinoff as Solventum
U.S. industrial conglomerate 3M said on Thursday its independent healthcare business would be called Solventum following its spinoff.
.
16 Nov 2023",0.0
3M Corporation,"Tech.co
3M Rolls Back on ""Trust Approach"" & Issues a Return to Office
CEO of industrial conglomerate, 3M, latest to announce three day RTO mandate for company's global workforce.
.
22 Oct 2024",0.5106
3M Corporation,"Forbes
3M Stock Plunges In Response To Lower-Than-Expected Revenue - Will Job Cuts Be Enough To Spur Business?
3M stock prices fell dramatically on January 24th after it missed revenue expectations. The company is cutting thousands of jobs in an effort to right the...
.
27 Jan 2023",-0.5994
3M Corporation,"IndustryWeek
3M Could Sell ‘Commodity-Like’ Units, New CEO Says
New 3M Co. CEO Bill Brown said at a recent investment bank gathering that the diversified manufacturer could sell off some of its divisions in coming years.
.
13 Sept 2024",0.0
3M Corporation,"Canadian Occupational Safety
The science of the three Fs: Fit, Form, Function
This article was created in partnership with 3M Canada. Back in 2015, 3M Company acquired Capital Safety and with that integration, expanded its signature...
.
16 Oct 2024",0.8442
3M Corporation,"Reuters
3M reaches tentative $10.3 billion deal over US 'forever chemicals' claims
3M Co has reached a $10.3 billion settlement with a host of U.S. public water systems to resolve water pollution claims tied to ""forever chemicals,"" the...
.
22 Jun 2023",0.4939
3M Corporation,"Manufacturing Dive
3M PFAS settlement gets final approval
The chemical giant will pay public water suppliers between $10.5 billion and $12.5 billion to settle claims that it contaminated public drinking water with...
.
4 Apr 2024",0.4019
3M Corporation,"Healthcare IT News
Cerebral says 3M affected by a patient data breach
The telehealth company said data was transmitted to third parties without patient consent through pixel trackers, including online self-assessment responses...
.
13 Mar 2023",0.1114
3M Corporation,"PR Newswire
3M Reports Third-Quarter Results; Raises Full-Year 2024 Earnings Guidance
PRNewswire/ -- 3M (NYSE: MMM) today reported third-quarter results. ""The 3M team delivered another quarter of strong operational execution, resulting in a.
.
22 Oct 2024",0.5106
3M Corporation,"WSJ
3M Picks Otis Worldwide Finance Chief Anurag Maheshwari as CFO
3M named Anurag Maheshwari, chief financial officer at elevator maker Otis Worldwide, as its next CFO, adding another corporate outsider to the manufacturing...
.
1 Aug 2024",0.0
3M Corporation,"Bloomberg
3M’s CEO Swamped by a $50 Billion Stock Rout
Not many chief executive officers can oversee a more than $50 billion plunge in a company's market value and keep their jobs. And yet 3M Co.
.
16 Feb 2023",0.34
3M Corporation,"Bloomberg Law News
3M Lawyer Lands Among Highest Paid After 23 Years at Company
Rhodes received more than $6.7 million in total compensation last year, making him for the first time one of 3M's five highest-paid executives, the Maplewood,...
.
28 Mar 2024",0.0
3M Corporation,"Nasdaq
3M Stock Trades Near 52-Week High: How Should Investors Play?
Shares of 3M Company MMM are showing impressive gains of late, trading close to its 52-week high of $135.28. The stock closed at $134.61 (on Monday),...
.
17 Sept 2024",0.8519
3M Corporation,"Barron's
Why 3M Stock Rose 23% on Friday (and How Investors Should Have Seen It Coming)
3M stock had its best day on record Friday. Second-quarter earnings were a nice surprise, but they weren't the reason for the big jump in the shares.
.
29 Jul 2024",0.7814
3M Corporation,"Reuters
ADM names 3M's Patolawala as its CFO amid US government investigation
Archer-Daniels-Midland named manufacturing giant 3M's Monish Patolawala as its CFO on Wednesday, as the grain trader tries to steer its way through multiple...
.
10 Jul 2024",0.0
3M Corporation,"MarketScreener
3M Company: Out of the rut? -July 29, 2024 at 10:29 am EDT
3M, which is accustomed to posting stratospheric profitability despite limited use of leverage, finds itself valued on the stock market at just eight times...
.
29 Jul 2024",0.6874
3M Corporation,"Forbes
What’s Next For 3M Stock After A 15% Fall This Year?
3M (NYSE: MMM) reported its Q4'23 results last month, with revenues and earnings beating the street estimates. The company reported revenue of $8.0 billion...
.
16 Feb 2024",-0.4588
3M Corporation,"ABC News
3M agrees to $10.3B settlement over claims it polluted drinking water with 'forever chemicals'
3M announced Thursday it agreed to pay $10.3 billion to settle lawsuits claiming it polluted drinking water with so-called ""forever chemicals.""
.
23 Jun 2023",-0.6249
3M Corporation,"The New York Times
3M Says It Will Pay $6 Billion to Resolve Combat Earplug Lawsuits (Published 2023)
The settlement would end years of litigation brought by military service members and veterans who claimed that the earplugs sold by 3M had led to hearing...
.
29 Aug 2023",-0.3818
3M Corporation,"Business Wire
Baron & Budd and Cossich, Sumich, Parsiola & Taylor Obtain Historic $12.5 Billion Settlement with 3M Company to Resolve PFAS Contamination Suits for Public Water Providers
3M Company has agreed to a nationwide class settlement, amounting to a record-breaking sum of up to $12.5 billion, with public water systems affected by PFAS...
.
22 Jun 2023",0.4767
3M Corporation,"The Washington Post
3M Mexico blends science and giving to drive sustainability, prosperity in local communities
3M Mexico blends science and giving to drive sustainability, prosperity in local communities. Language. By WP Creative Group. June 16, 2023.
.
16 Jun 2023",0.8567
3M Corporation,"Yahoo Finance
Here's Why It is Appropriate to Retain 3M Stock Right Now
3M Company MMM has been witnessing solid momentum in the Transportation and Electronics segment, driven by strength in electronics, automotive and aerospace...
.
11 Sept 2024",0.5859
3M Corporation,"MarketScreener
Analyst recommendations: 3M Company, GM, IBM, Robinhood, Moonpig...
Find a selection of analysts' recommendations covering North America and the UK. The list only includes companies that have been the subject of a change of...
.
29 Oct 2024",0.0
3M Corporation,"Reuters
3M agrees to pay $6 bln to settle lawsuits over US military earplugs
3M on Monday agreed to pay $6.01 billion to settle nearly 260000 lawsuits by current and former U.S. military service members who say they suffered hearing...
.
28 Aug 2023",-0.5106
3M Corporation,"The Chemical Engineer
3M to pay water companies up to US$12.5bn over PFAS contamination
3M will pay US public water companies up to US$12.5bn to tackle PFAS, after a district court gave final approval to a previously announced settlement agreement.
.
8 Apr 2024",0.6705
3M Corporation,"Legal Dive
3M settles largest mass tort case ever
The $6 billion deal ends roughly 260000 lawsuits filed by service members who say the company knew earplugs made by its subsidiary could expose them to...
.
28 Aug 2023",-0.1779
3M Corporation,"3M News Center
3M's ""Green Works"" docuseries spotlights how green jobs can help drive a more sustainable future
3M's docuseries debuts at Fast Company Innovation Festival ahead of New York Climate Week; Collaboration with Work on Climate will address the critical need...
.
18 Sept 2024",0.7351
3M Corporation,"Seeking Alpha
3M Company: Huge Risks And No Growth, Why Bother? (NYSE:MMM)
Summary · 3M has faced significant legal issues, including a $6 billion settlement over defective earplugs and a $10.3 billion settlement over water...
.
3 Jun 2024",-0.34
3M Corporation,"Trellis Group
3M pledges to stop making 'forever chemicals' by 2025
3M has promised to stop making and using harmful “forever chemicals” across its product portfolio by the end of 2025.
.
30 Dec 2022",-0.2263
3M Corporation,"Simply Wall Street
3M (NYSE:MMM) shareholder returns have been respectable, earning 65% in 1 year
3M has rewarded shareholders with a total shareholder return of 65% in the last twelve months. That's including the dividend. That gain is better than the...
.
15 Sept 2024",0.9081
3M Corporation,"PR Newswire
3M and Svante announce joint development agreement to develop and produce carbon dioxide removal products
PRNewswire/ -- 3M (NYSE: MMM) is expanding its ongoing commitment to materials science-based climate tech solutions by working with Svante Technologies,...
.
16 May 2023",0.7579
3M Corporation,"CNN
Payments to veterans begin in $6 billion 3M earplug settlement
3M has started sending payments as part of its previously announced $6 billion settlement to resolve almost 300000 lawsuits alleging that the manufacturing...
.
18 Jan 2024",0.3134
3M Corporation,"MarketWatch
3M may be poised to cut its dividend — and break with a 64-year tradition, says analyst
The company is grappling with legal settlements and a slowdown in growth and margins that are making its dividend difficult to sustain.
.
18 Apr 2024",0.128
3M Corporation,"FOX 9 Minneapolis-St. Paul
3M video depositions shed light on PFAS litigation, company’s research
Recorded depositions obtained by the FOX 9 Investigators show 3M executives and scientists were aware of potential environmental and health risks associated...
.
4 Nov 2024",-0.4404
3M Corporation,"Investopedia
Scotch Tape and Post-It Notes Maker 3M Craters on Profit Warning
3M warned about full-year profit, saying it faces a muted macroeconomic environment. The company's outlook for earnings was below analyst estimates,...
.
23 Jan 2024",0.3182
3M Corporation,"Reuters
3M shares soar as strong results highlight cost cuts, growth push
3M's shares soared to a near two-year high on Friday following the industrial conglomerate's quarterly results that underscored its focus on investing in...
.
26 Jul 2024",0.8591
3M Corporation,"Forbes
3M Reaches $10.3 Billion Deal With Public Water Suppliers Over 'Forever Chemicals'
Manufacturer 3M and several water systems across the United States agreed to a $10.3 billion settlement over water pollution claims involving “forever...
.
22 Jun 2023",0.6249
3M Corporation,"Nasdaq
Is 3M Company Stock Outperforming the S&P 500?
Over the past three months, MMM stock declined marginally, underperforming the S&P 500 Index's ($SPX) 9.5% gains during the same time frame.
.
12 Dec 2024",0.34
3M Corporation,"Bloomberg Law News
3M Company Defeats Worker's Religious Bias Suit Over Vaccine
3M Company Defeats Worker's Religious Bias Suit Over Vaccine ... A Christian man working for 3M Co. who objected to the company's Covid-19 vaccine policy can't...
.
5 Jul 2024",-0.6597
3M Corporation,"Forbes
3M Will Discontinue Use Of Hazardous PFAS ‘Forever Chemicals’ By 2025
3M announced plans on Tuesday to stop making products that contain a class of hazardous “forever chemicals” known as PFAS by the end of 2025.
.
20 Dec 2022",-0.296
3M Corporation,"The Motley Fool
3M Tops Q3 Guidance, Boosts Forecast
3M surpassed third-quarter earnings expectations, demonstrating solid growth despite facing significant legal and environmental challenges.
.
22 Oct 2024",0.6414
3M Corporation,"ESG Today
3M Invests in Green Hydrogen Tech Company Ohmium
3M Invests in Green Hydrogen Tech Company Ohmium ... 3M announced today that it has made a strategic investment in green hydrogen tech company Ohmium...
.
17 Jul 2024",0.0
3M Corporation,"Forbes
3M Stock To Trade Higher Post Q4?
3M Company (NYSE: MMM) is scheduled to report its Q4 2022 results on Tuesday, January 24. We expect the company to post revenue and earnings slightly above...
.
23 Jan 2023",0.0
3M Corporation,"PR Newswire
Bryan Hanson Named CEO of 3M's Health Care Business Group
PRNewswire/ -- 3M (NYSE: MMM) today announced the appointment of Bryan C. Hanson as Chief Executive Officer of the independent health care company when it...
.
22 Aug 2023",0.7506
3M Corporation,"Reuters
3M raises full-year profit forecast as cost-cut measures pay off
U.S. industrial conglomerate 3M Co on Tuesday raised its full-year profit forecast and reported better-than-expected quarterly results helped by higher...
.
25 Jul 2023",0.6597
3M Corporation,"Yahoo Finance
3M (MMM) Sees a More Significant Dip Than Broader Market: Some Facts to Know
3M (MMM) closed the most recent trading day at $136.60, moving -0.45% from the previous trading session.
.
25 Sept 2024",0.2716
3M Corporation,"Toxic-Free Future
3M announces it will stop making PFAS “forever chemicals” by 2025
3M Statement follows increasing numbers of corporate commitments by major retailers and growing restrictions in state policies nationwide to ban toxic PFAS.
.
20 Dec 2022",-0.5574
3M Corporation,"Stock Titan
3M transfers a portion of U.S. pension payment obligations
3M transfers $2.5B in pension obligations to insurer, affecting 23k retirees. No extra funding needed, but $0.8-$0.9B charge expected in Q2 2024.
.
13 Jun 2024",-0.1531
3M Corporation,"MassDevice
Roman to move out of CEO post at 3M, successor named
3M announced today that it has selected William M. Brown to succeed Mike Roman as the company's CEO.
.
12 Mar 2024",0.6249
3M Corporation,"Forbes
What Led To A 40% Fall In 3M Stock Since 2019?
After a 14% fall year-to-date, at the current levels, 3M stock (NYSE: MMM) looks undervalued. 3M stock fell from $122 in early January to $103 now.
.
15 Mar 2023",0.0
3M Corporation,"Reuters
3M shareholders vote down executives' pay packages in annual meeting
3M said on Tuesday that the annual compensation packages of certain executives, including that of former CEO Mike Roman, did not receive the requisite...
.
14 May 2024",0.1779
3M Corporation,"WSJ
3M to Cut Thousands More Jobs as Sales Struggle
Restructuring to focus on faster-growing businesses including industrial automation and climate technology.
.
25 Apr 2023",-0.5267
3M Corporation,"Yahoo Finance
Dividend Aristocrats Face Payout Challenges: 3M and Leggett & Platt Cut Dividends
Dividend Aristocrats, S&P 500 companies prized for their ability to increase annual dividend payouts for at least 25 consecutive years, have long been a...
.
21 Jul 2024",0.7351
3M Corporation,"AP News
3M fires company executive for inappropriate conduct weeks after promotion
3M fires company executive for inappropriate conduct weeks after promotion ... WASHINGTON (AP) — 3M has fired prominent company executive Michael Vale due to “...
.
15 May 2023",-0.3182
3M Corporation,"Environment+Energy Leader
NRS, 3M, and Others Announce New Appointments
National Renewable Solutions (NRS) has announced four key leadership promotions to support the company's ambitious growth plans.
.
20 Aug 2024",0.8442
3M Corporation,"The Motley Fool
Is 3M Stock a Buy?
3M will persist through the headwinds it faces, but some investors (like me) may not want to hang around for the ride.
.
27 Mar 2024",-0.3145
3M Corporation,"Modern Distribution Management
3M Appoints New CEO, Chairman
3M appointed William “Bill” Brown CEO to succeed Michael Roman, who will become Executive Chairman of the 3M Board of Directors, effective May 1.
.
12 Mar 2024",0.743
3M Corporation,"Vietnam+ (VietnamPlus)
US’s 3M Corporation opens science, technology, engineering centre in Hanoi
The 3M Corporation from the US opened a science, technology and engineering centre in Hanoi on August 13. The centre introduces a series of solutions for...
.
13 Aug 2024",0.1779
3M Corporation,"The Motley Fool
Is Honeywell Becoming the New 3M?
Honeywell's recent portfolio realignment is as piecemeal as 3M's was a few years ago. Both companies need to boost their growth rates.
.
18 Oct 2023",0.34
3M Corporation,"MedTech Dive
3M’s healthcare unit Q4 earnings drop on nurse shortages, falling hospital budgets
3M's healthcare unit posted a drop in profit and revenue in the fourth quarter as healthcare procedure volumes were hurt by nurse shortages and declining...
.
25 Jan 2023",-0.7579
3M Corporation,"Investing.com
3M and US Conec ink deal on optical interconnect tech
3M (NYSE: MMM) and US Conec Ltd. have entered into a strategic licensing agreement involving 3M's Expanded Beam Optical Interconnect technology.
.
19 Dec 2024",0.4939
3M Corporation,"WSJ
The Long Dry Spell at One of America’s Most Innovative Companies
3M investors and scientists worry a shift in R&D strategy is stifling breakthroughs as the company faces billions of dollars in lawsuit payouts.
.
5 Oct 2023",-0.1548
3M Corporation,"Barron's
3M Spinoff Solventum Stock Is Down. What Happens Next.
The spinoff of 3M's healthcare business is complete and shares of the new company, called Solventum, are lower. It could be a buying opportunity.
.
1 Apr 2024",0.4215
3M Corporation,"CleanTechnica
3M Knew Its Fluorochemicals Were Toxic Decades Ago & Likely To Cause Cancer
3M's most successful products contained human-made compounds called fluorochemicals. The company's PFOS (perfluorooctanesulfonic acid) had tested positive in...
.
27 May 2024",0.5095
3M Corporation,"Fortune
3M has a ‘future of work manager’ — here’s why her goal is to work herself out of a job
A career strategy and marketing professional, Lokken's current title at 3M—the manufacturing conglomerate at No. 116 on the Fortune 500—is “Future of Work...
.
23 Feb 2024",-0.296
3M Corporation,"Nasdaq
After Its Historic Dividend Cut, Is 3M Stock Still Worth Buying?
3M stock is a Dividend King no more, as the company slashed its payout following the Solventum spinoff. Is the stock still a buy for investors seeking...
.
6 May 2024",-0.5106
3M Corporation,"WSJ
3M Settles U.S. Probe Over Tourist Trips for China Officials
The company agreed to pay more than $6.5 million to settle a Foreign Corrupt Practices Act case over dozens of excursions it bought for government...
.
25 Aug 2023",0.1779
3M Corporation,"Bloomberg.com
3M Multibillion-Dollar Settlement Is Bad News for Its Dividend
3M announced a deal to pay as much as $12.5 billion over 13 years to resolve lawsuits from US cities that contend their drinking water supplies were polluted.
.
26 Jun 2023",-0.6908
3M Corporation,"Investopedia
3M Settles 'Forever Chemicals' Lawsuits for $10.3 Billion
3M (MMM) announced that it had agreed to pay $10.3 billion to settle broad class-action lawsuits over so-called “forever chemicals.”
.
23 Jun 2023",-0.128
3M Corporation,"Food Safety Magazine
Neogen, 3M Food Safety Finalize Merger
Neogen Corporation has completed its previously announced merger with 3M's Food Safety business. The aim of the transaction is to forge an innovative leading...
.
6 Sept 2022",0.8834
3M Corporation,"Barron's
Why 3M Stock Is Getting Crushed After Earnings Beat Estimates
Growth is back at 3M but the stock is dropping anyway. Tuesday morning, 3M announced better-than-expected 2024 numbers. The company reported fourth-quarter...
.
23 Jan 2024",-0.0258
3M Corporation,"CNN
3M chief business officer fired for inappropriate conduct
3M fired 30-year company veteran Michael Vale on Friday for “inappropriate conduct,” less than one month after elevating him to a new role as chief business...
.
15 May 2023",-0.802
3M Corporation,"Bangkok Post
3M to exit Neoplast, Neobun brands in Thailand, some other SE Asain countries
Industrial conglomerate 3M Co said on Friday it will exit its Neoplast and Neobun brands in Thailand and some other Southeast Asian countries.
.
1 Jul 2022",0.0
3M Corporation,"edie
3M’s emissions reductions targets validated by SBTi
3M has announced that its near-term emissions reduction targets have been validated by the Science Based Targets initiative (SBTi) in line with a 1.5C...
.
11 Oct 2024",0.4215
3M Corporation,"Reuters
Connecticut firefighters sue DuPont, 3M, Honeywell over allegedly contaminated gear
DuPont , 3M , Honeywell and 16 other defendants were sued on Tuesday by Connecticut firefighters who said their protective gear was contaminated by toxic...
.
26 Jun 2024",0.0
3M Corporation,"ProPublica
How 3M Execs Convinced a Scientist the Forever Chemicals She Found in Human Blood Were Safe
Decades ago, Kris Hansen showed 3M that its PFAS chemicals were in people's bodies. Her bosses halted her work. As the EPA now forces the removal of the...
.
20 May 2024",0.6808
3M Corporation,"Forbes
What’s Driving The Rebound In 3M Stock?
3M stock (NYSE: MMM) currently trades around $128 per share, roughly 15% below its pre-inflation shock highs of $150 seen in June 2021.
.
10 Sept 2024",-0.1027
3M Corporation,"Nasdaq
Is Wall Street Bullish or Bearish on 3M Company Stock?
3M has a robust earnings surprise history. It has surpassed Wall Street's bottom-line estimates in the past four quarters. MMM stock has a consensus “Moderate...
.
8 Nov 2024",0.5423
3M Corporation,"Yahoo Finance
3M (MMM) Expected to Beat Earnings Estimates: What to Know Ahead of Q3 Release
3M (MMM) possesses the right combination of the two key ingredients for a likely earnings beat in its upcoming report. Get prepared with the key...
.
15 Oct 2024",0.2263
3M Corporation,"MedTech Dive
Insulet CFO leaves for 3M health spinoff
Wayde McMillan plans to step down as CFO and treasurer of Insulet on Oct. 20 to join 3M's healthcare business, which the company plans to spin off at the end...
.
4 Oct 2023",0.4019
3M Corporation,"WSJ
3M Names New CEO Amid PFAS Battles, Health Spinoff
The company said it hired as its next chief executive Bill Brown, who previously led Florida-based defense contractor L3Harris Technologies.
.
12 Mar 2024",-0.2732
3M Corporation,"Window Film Magazine
3M Files Countersuit Against Mr. Tint
3M Company has responded to the court case involving South Carolina-based Mr. Tint, owned by Tom Nocilo, vs. the 3M Company.
.
21 Feb 2024",0.0
3M Corporation,"Weil
Weil Advised NEOGEN Corporation in its $5.3B Combination with the Food Safety Business of 3M
Weil Advised NEOGEN Corporation in its $5.3B Combination with the Food Safety Business of 3M ... The transaction closed on September 01, 2022. The Weil team that...
.
1 Sept 2022",0.6808
3M Corporation,"Medical Device and Diagnostic industry
Solventum: How 3M's Healthcare Spin Will Unlock Value Creation
In just 7 business days, Solventum will split from 3M, creating a new publicly traded healthcare company.
.
21 Mar 2024",0.6908
3M Corporation,"Inside Climate News
A 3M Plant in Illinois Was The Country’s Worst Emitter of a Climate-Killing ‘Immortal’ Chemical in 2021
CORDOVA, Ill.—At a sprawling 3M chemical manufacturing complex here, where the company makes adhesives for Post-it notes, golf clubs and LCD displays,...
.
29 Dec 2022",-0.6249
3M Corporation,"Quality Assurance & Food Safety
Neogen Completes 3M Food Safety Business Merger
Neogen Corporation announced last week that it has completed the previously announced merger with 3M's Food Safety business to create an innovative leader in...
.
5 Sept 2022",0.93
3M Corporation,"CNN
3M agrees to pay $10.3 billion to settle ‘forever chemicals’ drinking water lawsuits
3M announced Thursday that it had reached an agreement to settle lawsuits that claimed that toxic “forever chemicals” had contaminated water supplies in the...
.
22 Jun 2023",0.4215
3M Corporation,"Kenyan Wall Street
Dividend Aristocrats In Focus: 3M Company
3M has raised its dividend for 64 consecutive years and will likely continue to increase the dividend each year for many years to come.
.
12 May 2023",0.3182
3M Corporation,"WSJ
3M Investor Raises Concerns About Company Leadership
3M's revenue and earnings have been disappointing since Mr. Roman became CEO in 2018, citing a total shareholder return of negative 32% during that time.
.
2 Feb 2023",-0.7845
3M Corporation,"MedTech Dive
3M names William Brown CEO
William Brown has been appointed the next CEO of 3M, effective May 1, the company announced Tuesday. Brown will succeed Michael Roman.
.
12 Mar 2024",0.743
3M Corporation,"PR Newswire
3M Sets Final Exchange Ratio in Split-Off Exchange Offer in Connection with Neogen Transaction
PRNewswire/ -- 3M (NYSE: MMM) announced today the final exchange ratio of 6.7713 for its split-off exchange offer to 3M stockholders to exchange their...
.
29 Aug 2022",0.0
3M Corporation,"Simply Wall Street
Is 3M (NYSE:MMM) A Risky Investment?
Howard Marks put it nicely when he said that, rather than worrying about share price volatility, 'The possibility of permanent loss is the risk I worry...
.
16 Oct 2024",-0.3612
3M Corporation,"MedTech Dive
3M plans 6,000 layoffs as hospital staffing woes continue to curb procedures
Manufacturing and supply chain “headwinds” hurt operating margins in the first quarter, the company said.
.
27 Apr 2023",-0.743
3M Corporation,"MedTech Dive
3M to spin off health unit April 1
The company broke down Solventum's expected growth and risks as a standalone business in a recent federal filing.
.
22 Feb 2024",-0.3182
3M Corporation,"Reuters
3M India's quarterly profit jumps 22% as expenses ease
3M India reported on Tuesday a 22% jump in its first-quarter profit, as a decrease in total expenses helped lift the diversified products maker's...
.
6 Aug 2024",0.8074
3M Corporation,"The Guardian
3M sets 2025 deadline to stop making ‘forever chemicals’
Company's current net sales of manufactured PFAS, which are linked to cancer and heart problems, are about $1.3bn.
.
20 Dec 2022",-0.8519
3M Corporation,"Yahoo Finance
Don't Race Out To Buy 3M Company (NYSE:MMM) Just Because It's Going Ex-Dividend
Some investors rely on dividends for growing their wealth, and if you're one of those dividend sleuths, you might be intrigued to know that 3M Company...
.
22 Aug 2024",0.5994
3M Corporation,"WSJ
Exclusive | Recent 3M Spinoff Solventum Explores Sale of Filtration Unit
The healthcare company spun off from 3M this year, has retained bankers to explore a sale of its purification and filtration business.
.
24 Oct 2024",0.1531
3M Corporation,"The Motley Fool
Why 3M Stock Was Moving Higher Today
Shares of 3M (MMM 0.90%) finished the day higher after the industrial conglomerate completed the spin-off of its healthcare business, which is now known as...
.
1 Apr 2024",-0.1779
3M Corporation,"The Independent
3M fires top executive Michael Vale for ‘inappropriate’ conduct
The company did not further detail the alleged actions that led to Mr Vale's firing.
.
15 May 2023",-0.1531
3M Corporation,"AP News
Court approves 3M settlement over ‘forever chemicals’ in public drinking water systems
Chemical manufacturer 3M will begin payments starting in the third quarter to many U.S. public drinking water systems as part of a multi-billion-dollar...
.
1 Apr 2024",0.4019
3M Corporation,"Sustainability Magazine
Sustainable Manufacturing: 3M's New Scope 3 Targets
Manufacturer 3M has just had its first Scope 3 goal for 2030 validated - to reduce absolute Scope 3 emissions by 42% by 2030 from a 2021 baseline.
.
12 Nov 2024",0.2263
3M Corporation,"Forbes
3M Will Pay More Than $6.5 Million Over Allegedly Funding Tourism For Chinese Officials
The SEC charged a 3M subsidiary with violations of the Foreign Corrupt Practices Act, a federal law that prohibits American entities from bribing foreign...
.
25 Aug 2023",-0.6808
3M Corporation,"Yahoo Finance
3M Board Declares Quarterly Dividend
The 3M Board of Directors (NYSE:MMM) today declared a dividend on the company's common stock of $0.70 per share for the fourth quarter of 2024.
.
5 Nov 2024",0.296
3M Corporation,"AP News
3M reaches $10.3 billion settlement over contamination of water systems with 'forever chemicals'
Chemical manufacturer 3M Co. will pay at least $10.3 billion to settle lawsuits over contamination of many US public drinking water systems.
.
22 Jun 2023",-0.2023
3M Corporation,"Bloomberg.com
3M to Pay Up to $12.5 Billion to Settle Forever-Chemicals Lawsuits
3M Co. has agreed to pay as much as $12.5 billion over 13 years to resolve claims that so-called forever chemicals it manufactured for decades polluted...
.
22 Jun 2023",0.3182
3M Corporation,"Marketing91
Top 30 3M Alternatives & Competitors in 2025
The top 3M competitors are Honeywell International, DuPont, Saint-Gobain, Danaher, Johnson & Johnson, General Electric, Avery Dennison, Becton Dickinson,...
.
28 Nov 2024",0.3818
3M Corporation,"Environmental Working Group
Dow, 3M and others likely exploit loophole to avoid reporting ‘forever chemicals’ releases
At least seven facilities around the US operated by Dow Chemical, 3M and other companies are using very large amounts of the toxic “forever chemicals” known as...
.
22 Sept 2022",-0.3818
3M Corporation,"Yahoo Finance
3M faces further legal battles after earplugs, PFAS settlements
3M Company (MMM) settled a lawsuit over faulty earplugs sold to the U.S. military for $6 billion, but that still may not be the end of the company's legal...
.
29 Aug 2023",-0.3919
3M Corporation,"Modern Distribution Management
3M Notes Improving Business Despite $2B Loss in 3Q
3M reported its 2023 third quarter financial results on Oct. 24, which were highlighted by continued sales declines that weren't as severe as in 2Q.
.
24 Oct 2023",0.7137
3M Corporation,"Quality Assurance & Food Safety
3M Commences Split-Off Exchange Offer for Food Safety Business
3M announced the commencement of an exchange offer to effect the separation of its food safety business in furtherance of the previously announced Reverse...
.
8 Aug 2022",0.8689
3M Corporation,"Investopedia
3M Beats Estimates, but Sales in Two of Its Three Units Dropped
3M posted better-than-expected results Tuesday, but sales were down in two of its three divisions. Revenue declined at the company's Transportation and...
.
22 Oct 2024",0.0
3M Corporation,"Fortune
Manufacturing giant 3M is cutting 6,000 jobs including senior executive roles to try and turn around its troubled business
The reductions, part of an ongoing restructuring, are expected to trim annual costs by as much as $900 million.
.
25 Apr 2023",-0.5423
3M Corporation,"Yahoo Finance
3M (NYSE:MMM) Surprises With Q3 Sales
Industrial conglomerate 3M (NYSE:MMM) announced better-than-expected revenue in Q3 CY2024, but sales fell 21.5% year on year to $6.29 billion.
.
22 Oct 2024",0.1154
3M Corporation,"MarketWatch
3M’s stock suffering biggest selloff in 5 years after 2024 profit warning
Shares of 3M Co. tanked Tuesday, after the consumer, industrial and healthcare-products company provided a 2024 profit outlook that was well below forecasts.
.
23 Jan 2024",0.5574
3M Corporation,"Insurance Business America
MetLife to provide annuity benefits for 3M retirees, beneficiaries
MetLife has announced that its subsidiary, Metropolitan Tower Life Insurance Company, has entered into an agreement with 3M to provide annuity benefits.
.
14 Jun 2024",0.8807
3M Corporation,"Optics.org
3M backs Morphotonics for augmented reality lens production
Netherlands startup reveals that the global materials giant is supporting its $10M-plus fundraising drive.
.
17 Sept 2024",0.4019
3M Corporation,"Reuters
3M annual profit forecast squeezed by sluggish electronics, China demand
Industrial conglomerate 3M forecast full-year earnings below Wall Street estimates on Tuesday, saying the macro environment ""remains muted"" and sending its...
.
23 Jan 2024",-0.0772
3M Corporation,"Lavender Magazine
Innovation From Within: 3M Pride
What is the first thing that comes to mind when you drive by the 3M corporate headquarters along Interstate 94 in Maplewood? Scotch tape? Post-it Notes?
.
21 Apr 2022",0.6747
3M Corporation,"The Detroit News
Appeals court sides with 3M in invalidating Michigan PFAS rules
A state appeals court panel has sided with chemical giant 3M Company and invalidated Michigan's rules setting limits for the amount of pre- and polyflouralkyl...
.
23 Aug 2023",0.0
3M Corporation,"The Seattle Times
3M’s dark chapter deepens as CEO faces beaten down investors
3M has so many big problems on its hands that one veteran Wall Street analyst likened the conglomerate's challenges to the Titanic — just after the iceberg.
.
24 Jul 2023",-0.6666
3M Corporation,"Pioneer Press
3M remote managers to return to office 3 days a week
3M Co.'s new chief is recalling managers to the office, dialing back a remote-friendly policy that his predecessor had hailed as being “rooted in flexibility...
.
21 Oct 2024",0.2263
3M Corporation,"Reuters
Ohio man asks appeals court to revive massive PFAS class action against 3M, DuPont
An Ohio resident has told a U.S. appeals court its recent ruling putting an end to a massive class action lawsuit that accused 3M , Corteva Inc subsidiary...
.
12 Dec 2023",-0.1779
3M Corporation,"Yahoo Finance
3M (NYSE:MMM) Delivers Impressive Q2, Stock Soars
Industrial conglomerate 3M (NYSE:MMM) reported Q2 CY2024 results exceeding Wall Street analysts' expectations, with revenue down 21.7% year on year to $6.26...
.
26 Jul 2024",0.5106
3M Corporation,"3M News Center
3M expands facility in Valley, Nebraska
$67 million investment will create about 40 new jobs. ST. PAUL, Minn., May 3, 2024 /PRNewswire/ -- A new 90,000-square-foot expansion at 3M's facility in...
.
3 May 2024",0.3612
3M Corporation,"PR Newswire
3M named as one of the World's Most Ethical Companies by Ethisphere Institute for 10th consecutive year
PRNewswire/ -- The Ethisphere Institute today recognized 3M for ethics and integrity in business conduct and compliance for the 10th straight year.
.
13 Mar 2023",0.796
3M Corporation,"Chemistry World
3M finalises PFAS settlement with US water suppliers
Court-approved scheme will see up to $12.5 billion to fund cleanup of public drinking water systems.
.
4 Apr 2024",0.0
3M Corporation,"Freshfields
Freshfields advises 3M on spin-off of Solventum
Global law firm Freshfields Bruckhaus Deringer ('Freshfields') has advised the US technology group 3M on the spin-off of its healthcare division.
.
8 Apr 2024",0.0
3M Corporation,"The Guardian
3M pays $10.3bn to settle water pollution suit over ‘forever chemicals’
Settlement will provide funds to US municipalities over 13 years to test for and treat PFAS contamination in public water systems.
.
23 Jun 2023",0.4019
3M Corporation,"Forbes
3M To Spin-Off Solventum Unit Tax-Free To Shareholders
On February 21, 2024, 3M Company (NYSE: MMM, $91.82, Market Capitalization: $50.7 billion), a diversified global manufacturer, technology innovator,...
.
27 Feb 2024",0.0
3M Corporation,"5 EYEWITNESS NEWS
3M announces a CEO change
The company announced Tuesday that CEO Mike Roman will be replaced on May 1 by former L3Harris Technologies chief executive William Brown.
.
12 Mar 2024",0.0
3M Corporation,"DataDrivenInvestor
Nvidia due for correction, 3M at a 10-year low
3M is currently one of the top-losing companies in the S&P 500. It's down 18% since the beginning of the year, the 464th best-performing stock of the index.
.
8 Jun 2023",-0.2732
3M Corporation,"3M News Center
3M and Discovery Education Recognize 26 State Merit Winners and Four Honorable Mentions in 2024 3M Young Scientist Challenge
The 2024 3M Young Scientist Challenge recognizes the 26 state merit winners and the four honorable mention recipients.
.
26 Jun 2024",0.9607
3M Corporation,"Yahoo Finance
Jim Cramer on 3M Company (MMM): Analysts ‘See Continued Consumer Spending Softness’
In this article, we are going to take a look at where 3M Company (NYSE:MMM) stands against Jim Cramer's other hot stock picks.
.
9 Sept 2024",0.0
3M Corporation,"Barron's
3M Could Lose Its Elite Dividend Status After 64 Years. What It Means for the Stock.
After spinning off its healthcare subsidiary, Solventum, 3M will have trouble continuing to raise its dividend. What investors should consider.
.
10 Apr 2024",-0.6597
3M Corporation,"PR Newswire
3M Board of Directors Approves Spin-off of Solventum
PRNewswire/ -- 3M (NYSE: MMM) today announced that its Board of Directors has approved the planned spin-off of its Health Care business, which will be known...
.
8 Mar 2024",0.8271
3M Corporation,"MassDevice
3M picks former NuVasive CEO as president of Medical Solutions
[Image from NuVasive] 3M (NYSE: MMM) +. 3M Company $145.83 4.95% Open 155.575 Day High 156.081 52 Week High 128.65 52 Week Low 82.08 announced that it named...
.
16 Jan 2024",-0.1027
3M Corporation,"Fierce Biotech News & Reports
Solventum gets the ball rolling after 3M spinout
3M has finished carving out its healthcare business, formally establishing Solventum with a medtech catalog worth $8.2 billion in 2023 sales.
.
2 Apr 2024",0.2263
3M Corporation,"Time Magazine
3M’s Historic $10 Billion ‘Forever Chemical’ Payout Is Just The Tip of the PFAS Iceberg
3M got out from under some of that legal trouble, agreeing to pay $10.3 billion to at least 300 plaintiff communities.
.
23 Jun 2023",-0.0516
3M Corporation,"WSJ
3M Board Approves Healthcare Unit Spinoff
St. Paul, Minn.-based company says the spinoff of the unit, which will be called Solventum Corp., will occur on April 1.
.
8 Mar 2024",0.4019
3M Corporation,"Grist.org
The landmark trial that could determine who pays to rid America’s drinking water of PFAS
The landmark trial that could determine who pays to rid America's drinking water of PFAS. 3M sold ""forever chemicals"" for decades.
.
2 Jun 2023",0.1531
3M Corporation,"Supply Chain Dive
3M to discontinue use of ‘forever chemicals’ by end of 2025
The decision follows increasing regulatory and legal pressure on the company to stop the use of the potentially harmful chemicals.
.
22 Dec 2022",-0.4404
3M Corporation,"Manufacturing Dive
3M to restructure, lay off 6,000 worldwide
The news follows the 2500 jobs the company cut in January.
.
25 Apr 2023",-0.2732
3M Corporation,"Medical Device and Diagnostic industry
3M’s Healthcare Unit to Become Separate, Public Company
3M's Healthcare Unit to Become Separate, Public Company. 3M's Healthcare Unit to Become Separate, Public Company · 3M is spinning off its healthcare unit into a...
.
26 Jul 2022",0.0
3M Corporation,"3M News Center
3M Young Scientist Challenge Announces 2024 National Finalists
The top 10 2024 3M Young Scientist Challenge finalists include students from public and private schools across the US.
.
27 Jun 2024",0.34
3M Corporation,"Yahoo Finance
Solventum completes spin off from 3M
Manufacturer 3M (MMM) has announced the completion of its healthcare spin-off Solventum (SOLV). The company has been in the process of spinning off from 3M...
.
1 Apr 2024",0.0
3M Corporation,"Reuters
3M, DuPont defeat massive class action over forever chemicals
A U.S. appeals court on Monday handed 3M , Corteva Inc subsidiary E.I. du Pont de Nemours and Co and other manufacturers of toxic so-called ""forever...
.
28 Nov 2023",-0.4588
3M Corporation,"MarketWatch
3M names new CEO, and the stock is having its best day in 5 months
3M Chief Executive Mike Roman will step down from the role he's held for past six years — a period marked by a steep drop in the company's share price.
.
12 Mar 2024",0.6486
3M Corporation,"CleanLink
3M Announces New CEO
3M announced that William M. “Bill” Brown is appointed chief executive officer, effective May 1, 2024. He succeeds Michael Roman.
.
20 Mar 2024",0.743
3M Corporation,"Investopedia
3M Leads Gains on the Dow After Upgrade From BofA
3M was the best-performing stock on the Dow Friday after Bank of America upgraded the stock on optimism about the company's direction under new CEO Bill...
.
7 Jun 2024",0.7096
3M Corporation,"Financial Times
Top 3M shareholder fires warning shot at chief executive
German asset manager Flossbach von Storch says it is increasingly concerned at how the company is run.
.
2 Feb 2023",0.2263
3M Corporation,"WSJ
3M Agrees to $6 Billion Earplug Settlement
3M reached an agreement with plaintiffs attorneys to pay $5 billion in cash and $1 billion in stock between 2023 and 2029 to settle the allegations.
.
29 Aug 2023",0.6124
3M Corporation,"Yahoo Finance
3M Company (MMM ): Dividend Cut Sparks 44% Stock Surge in 2024, Hedge Fund Interest Climbs
In this article, we are going to take a look at where 3M Company (NYSE:MMM) stands against the other best innovative stocks that pay dividends.
.
21 Sept 2024",0.7003
3M Corporation,"Fortune
3M agrees to pay $5.5 billion over defective military earplugs—about half what financial analysts expected
The settlement comes after 3M unsuccessfully tried a bankruptcy tactic to shield itself from hundreds of thousands of lawsuits.
.
27 Aug 2023",-0.7003
3M Corporation,"Department of Energy (.gov)
DOE Recognizes 3M Company for Leadership in Energy Management
DOE Recognizes 3M Company for Leadership in Energy Management ... On September 23, the U.S. Department of Energy (DOE), Office of Energy Efficiency and Renewable...
.
29 Sept 2022",0.875
3M Corporation,"PR Newswire
3M Delivers Strong Second-Quarter Results; Company Updates Full-Year 2024 Earnings Guidance
3M (NYSE: MMM) today reported second-quarter results. We delivered another strong quarter with adjusted earnings growth up double-digits and robust cash...
.
26 Jul 2024",0.891
3M Corporation,"Mint
3M India Q2 Results Live: Profit Falls by 8.44% YOY
3M India declared its Q2 results on 12 Nov, 2024, reporting a topline increase of 6.86% year-over-year, while profit experienced a decline of 8.44%.
.
13 Nov 2024",0.7964
3M Corporation,"Forbes
Amazon & 3M Will Use Generative AI To Ease Documentation For Healthcare Providers
3M Health Information Systems (HIS) will partner with Amazon Web Services (AWS) to advance its M*Modal Ambient Intelligence service.
.
23 Apr 2023",0.7906
3M Corporation,"Barchart.com
How Is 3M Company Stock Performance Compared To Other Industrial Stocks?
3M Company's impressive stock performance this year has outpaced the broader industrial sector, and analysts hold a cautiously optimistic view about the...
.
10 Sept 2024",0.6808
3M Corporation,"Entrepreneur
Longtime 3M Executive Terminated for 'Inappropriate Conduct' Just One Month After Promotion
Michael Vale, who worked for 3M for more than 30 years, has been fired for cause.
.
16 May 2023",-0.5574
3M Corporation,"Investopedia
3M Beats Estimates and Raises Its Outlook on Higher Prices and Cost-Cutting Measures
3M beat profit and sales estimates and boosted its guidance on price hikes and expense reductions. The company pointed to year-to-date performance and...
.
24 Oct 2023",0.6597
3M Corporation,"Fast Company
3M’s stock is up today: The manufacturer’s new CEO, Bill Brown, is the reason
3M's stock is up today: The manufacturer's new CEO, Bill Brown, is the reason. After months of legal troubles, the company tapped Brown, a former defense-...
.
12 Mar 2024",-0.3612
3M Corporation,"Supply Chain Dive
3M pushes for better delivery performance
The manufacturer is pursuing a 90% or higher on-time, in-full rate as it battles supply chain inefficiencies across its vast network.
.
30 Oct 2024",0.0772
3M Corporation,"Reuters
3M raises annual profit forecast, explores sale of small businesses
3M Co raised its full-year profit forecast on Tuesday after strong demand for roofing material, industrial adhesives and electronics equipment helped the...
.
22 Oct 2024",0.8225
3M Corporation,"Samfiru Tumarkin LLP
3M Layoffs: 6,000 workers cut amid slowing demand
The manufacturing giant is eliminating thousands of jobs in an effort to make itself ""stronger, leaner, and more focused.""
.
25 Apr 2023",-0.3818
3M Corporation,"Manufacturing Dive
The history of PFAS: From World War II to your Teflon pan
How DuPont and 3M turned a 1930s lab accident into one of the century's most controversial chemicals. Published December 6, 2023 By Sara Samora • Visual...
.
6 Dec 2023",-0.8439
