company,headline,sentiment
DuPont de Nemours Inc,"Westmeath Independent
Major investment by owners of Athlone facility
There are hopes of a future jobs boost at OxyMem in Athlone following the announcement of a significant multimillion-euro investment by its owners DuPont Water...
.
8 Mar 2022",0.743
DuPont de Nemours Inc,"Reuters
DuPont raises full-year forecasts on strong electronics, AI-tech demand
Industrial materials maker DuPont de Nemours raised its full-year forecasts on Wednesday, benefiting from strong demand for its products used in making...
.
31 Jul 2024",0.6808
DuPont de Nemours Inc,"DuPont
DuPont Demonstrates Solutions for the Hydrogen Value Chain at FCVC 2024
DuPont (NYSE:DD) will participate at the International Hydrogen and Fuel Cell Vehicle Congress & Exhibition 2024 (FCVC 2024), June 4th to 6th, Jiading,...
.
4 Jun 2024",0.4767
DuPont de Nemours Inc,"The Straits Times
DuPont to split into 3 companies as CEO steps back
DuPont de Nemours plans to split into three publicly traded companies, joining a list of industrial conglomerates seeking to boost returns.
.
23 May 2024",0.4019
DuPont de Nemours Inc,"DuPont
DuPont Supports Semiconductor Workforce Development through Sponsorship of SEMICON Taiwan
DuPont is honored to be part of SEMICON Taiwan 2024 by participating in sessions related to thought leadership and workforce development.
.
29 Aug 2024",0.743
DuPont de Nemours Inc,"Bloomberg Law News
DuPont $1.18 Billion PFAS Settlement Gets Final Court Approval
DuPont de Nemours Inc., Chemours Co., and Corteva Inc. gained approval of a settlement with towns, cities, and local water agencies across the US to resolve...
.
9 Feb 2024",0.8316
DuPont de Nemours Inc,"Stock Titan
DuPont Launches Great Stuff™ Wide Spray Foam Sealant
DuPont unveils Great Stuff™ Wide Spray Foam Sealant for efficient air sealing. Discover how this versatile, Class-A Fire Rated product tackles large gaps...
.
17 Sept 2024",0.8625
DuPont de Nemours Inc,"DuPont
DuPont Acquires Nanowire Technology and Business Assets from C3Nano Inc.
On August 1, DuPont completed the acquisition of assets from C3Nano Inc., a materials company specialized in silver nanowire technology and formulations based...
.
13 Aug 2024",0.34
DuPont de Nemours Inc,"DuPont
DuPont Interconnect Solutions Advances Toward Sustainability Goal
As part of DuPont's Electronics & Industrial business, Interconnect Solutions (ICS)—a leading total solutions and systems design partner addressing signal...
.
20 Apr 2023",0.4767
DuPont de Nemours Inc,"Yahoo Finance
Is DuPont de Nemours Inc. (DD) the Best Hydrogen and Fuel Cell Stock to Buy for 2025?
In this article, we are going to take a look at where DuPont de Nemours Inc. (NYSE:DD) stands against the other hydrogen and fuel cell stocks.
.
27 Dec 2024",0.6369
DuPont de Nemours Inc,"Manufacturing Dive
DuPont, Corteva and Chemours reach $110M PFAS settlement with Ohio
Chemical giants DuPont de Nemours, Corteva and Chemours reached a $110 million settlement with the state of Ohio late last month over PFAS contamination claims.
.
7 Dec 2023",0.128
DuPont de Nemours Inc,"DuPont
DuPont Earns Great Place to Work Certification™ in Korea
DuPont announced today that it has been Certified™ by Great Place to Work® (GPTW) Korea and has earned special recognitions as the “Best Workplace for...
.
2 Dec 2024",0.8979
DuPont de Nemours Inc,"Port City Daily
Superior Court rules in favor of AG Stein’s suit to put DuPont’s subsidiaries on the hook for PFAS damages
A superior court judge put forward an order Wednesday to make DuPont's subsidiaries liable for PFAS contamination caused by the original company.
.
8 Feb 2024",0.8442
DuPont de Nemours Inc,"Reuters
Judge greenlights North Carolina PFAS class action against DuPont, Chemours
A federal judge has allowed more than 100000 North Carolina residents and property owners to bring claims over toxic water pollution against E.I. du Pont de...
.
5 Oct 2023",0.0
DuPont de Nemours Inc,"Reuters
Connecticut firefighters sue DuPont, 3M, Honeywell over allegedly contaminated gear
Item 1 of 3 The logo for DuPont de Nemours, Inc. is seen on the trading floor at the New York Stock Exchange (NYSE) in Manhattan, New York City, U.S.,...
.
26 Jun 2024",0.0
DuPont de Nemours Inc,"Dallas Express
DuPont responds to accusations by anti-PFAS activist Diane Cotter regarding product safety
DuPont de Nemours has never manufactured PFOA, PFOS, or firefighting foam. While we don't comment on pending litigation matters, we believe these complaints...
.
3 Aug 2024",-0.0516
DuPont de Nemours Inc,"Lake and McHenry County Scanner
Attorney general sues 3M, other chemical companies alleging they contaminated water in Lake County, rest of Illinois
The Illinois attorney general has filed a lawsuit against 3M and 13 other large chemical companies that make “forever chemicals,” alleging they contaminated...
.
6 Feb 2023",-0.2263
DuPont de Nemours Inc,"Inside Climate News
Chemours and DuPont Knew About Risks But Kept Making Toxic PFAS Chemicals, UN Human Rights Advisors Conclude
A UN human rights panel calls on the UN Environment Assembly to take on “forever chemicals” at a meeting in Nairobi, citing a North Carolina PFAS plant as...
.
26 Feb 2024",-0.1406
DuPont de Nemours Inc,"RTL Today
'Unacceptable and undignified': Unpaid wages reported at DuPont companies
Since autumn 2023, DuPont companies based in Luxembourg have accumulated significant wage arrears, according to recent reports.
.
6 Feb 2024",-0.296
DuPont de Nemours Inc,"Seeking Alpha
DuPont De Nemours' Monumental Development Opens Doors For Monumental Growth
DuPont de Nemours plans to spin off into 3 public companies, aiming to improve financial performance and focus on industrial products.
.
24 May 2024",0.6705
DuPont de Nemours Inc,"Stock Titan
DuPont Commits to Net-Zero Emissions by 2050
DuPont (NYSE: DD) has committed to achieving net-zero carbon emissions by 2050, aligning with the Science Based Targets initiative (SBTi) and the Paris...
.
19 Sept 2024",0.296
DuPont de Nemours Inc,"DuPont
single-use biopharma processing solutions for fluid transport at INTERPHEX 2023
WILMINGTON, Del., April 20, 2023 – DuPont (NYSE:DD) today announced that it will showcase DuPont™ Liveo™ single-use biopharma processing solutions for...
.
20 Apr 2023",0.34
DuPont de Nemours Inc,"Luxembourg Times
DuPont Teijin failing to save Luxembourg jobs, unions say
Dupont Teijin Films (DTF) is pressing ahead with a cull of 160 staff at its plant in Luxembourg and is ignoring calls for a social plan to protect jobs.
.
10 Mar 2023",-0.0516
DuPont de Nemours Inc,"Nasdaq
Here's Why You Should Hold Onto DuPont's Stock for Now
DuPont de Nemours, Inc. DD is expected to gain from its innovation-driven investment, productivity actions and the acquisitions of the Spectrum Plastics...
.
17 Dec 2024",0.5267
DuPont de Nemours Inc,"Agro Spectrum India
Corteva Agriscience subsidiary to change its name to EIDP, Inc.
The change has been effective from January 1, 2023. E. I. du Pont de Nemours and Company is a wholly owned subsidiary of Corteva, Inc.
.
3 Jan 2023",0.4767
DuPont de Nemours Inc,"DuPont
DuPont Names Recipients of 2023 Lavoisier Medal and Pedersen Award
DuPont (NYSE:DD) today announced the recipients of the company's 2023 Lavoisier Medal for Lifetime Technical Achievement and the prestigious Pedersen Award.
.
7 Sept 2023",0.9217
DuPont de Nemours Inc,"Insider Monkey
12 Best Hydrogen and Fuel Cell Stocks to Buy for 2025
Number of Hedge Fund Holders: 47. DuPont de Nemours, Inc. (NYSE:DD), headquartered in Delaware, is a technology-driven materials and solutions provider...
.
26 Dec 2024",0.7351
DuPont de Nemours Inc,"DuPont
DuPont Leaders to Discuss Sustainability and Innovation in Semiconductor Materials at Strategic Materials Conference
Randy King Will Give Keynote; Scott Collick to Join Sustainability Session. WILMINGTON, Del., Sept. 28, 2023 – DuPont (NYSE: DD) today announced that Randal...
.
28 Sept 2023",0.5859
DuPont de Nemours Inc,"DuPont
DuPont Joins SEMI Foundation’s Semiconductor PRIDE Initiative as a Founding Member
Semiconductor PRIDE is committed to advancing LBGTQ+ equity and inclusion within the semiconductor industry. WILMINGTON, Del., Dec. 18, 2024 – DuPont (NYSE:...
.
18 Dec 2024",0.8109
DuPont de Nemours Inc,"Reuters
DuPont sets $1 bln stock buyback target, hikes dividend after Q4 profit beat
DuPont de Nemours announced a new $1 billion stock repurchase program and a 6% rise in its quarterly dividend on Tuesday after it beat Wall Street estimates...
.
6 Feb 2024",0.4404
DuPont de Nemours Inc,"ABC27
DuPont Wins Two R&D 100 Awards
WILMINGTON, Del., Aug. 15, 2024 /PRNewswire/ -- DuPont (NYSE: DD) today announced that it has won two 2024 R&D 100 Awards in the Mechanical/Materials...
.
15 Aug 2024",0.9246
DuPont de Nemours Inc,"GlobeNewswire
United States Polypropylene Market Analysis, Competition, and Opportunities, 2024-2029 Featuring Exxon Mobil, Borealis Compounds, BASF, RIL, LG Chem America, and DuPont de Nemours
United States Polypropylene Market was valued at USD 18.64 billion in 2023 and is anticipated to project steady growth of 3.95% through 2029.
.
30 May 2024",0.9136
DuPont de Nemours Inc,"The Business Times
DuPont beats profit estimates, raises full-year forecasts
INDUSTRIAL materials maker DuPont de Nemours beat Wall Street estimates for first-quarter profit and raised its full-year forecasts on Wednesday (May 1),...
.
1 May 2024",0.7003
DuPont de Nemours Inc,"DuPont
Launch Campaign Wins Bronze Effie Award
DuPont™ Kevlar® EXO™ Launch Campaign Wins Bronze Effie Award. Wilmington, Delaware – June 28, 2024 – DuPont (NYSE: DD) is proud to announce that its launch...
.
28 Jun 2024",0.9552
DuPont de Nemours Inc,"Dallas Innovates
Irving’s Commercial Metals Co. Appoints Chief Strategy Officer
Irving-based Commercial Metals Co. has appointed Kekin Ghelani as senior vice president, chief strategy officer. Ghelani will be responsible for guiding the...
.
4 Oct 2024",0.6486
DuPont de Nemours Inc,"Wilmington Star-News
Should DuPont be held accountable in the GenX crisis? State, local leaders think so.
The company that owned the chemical plant for three decades hasn't faced accountability. That company hasn't been fined or forced to shut down by the state.
.
16 Jan 2023",-0.7964
DuPont de Nemours Inc,"MarketWatch
DuPont de Nemours Inc. stock underperforms Wednesday when compared to competitors
Shares of DuPont de Nemours Inc. DD. +0.79%. shed 1.14% to $76.90 Wednesday, on what proved to be an all-around rough trading session for the stock market,...
.
8 Feb 2023",0.296
DuPont de Nemours Inc,"Saipan Tribune
Class action settlement reached on contamination from PFAS
Office of the Attorney General said several class action settlements have been reached to resolve claims of public water systems against certain companies...
.
4 Jun 2024",0.6705
DuPont de Nemours Inc,"Investopedia
Top 5 Companies Owned by DuPont
E.I. Du Pont De Nemours and Company was founded in 1802 as a gunpowder mill by Éleuthère Irénée du Pont.1 Most of us know it by its more common name,...
.
27 Apr 2024",0.2023
DuPont de Nemours Inc,"GuruFocus
DuPont de Nemours Inc's Dividend Analysis
DuPont de Nemours Inc's revenue has increased by approximately 11.10% per year on average, a rate that outperforms approximately 54.82% of global competitors.
.
27 Feb 2024",0.2732
DuPont de Nemours Inc,"PR Newswire
DuPont to Feature Innovative Electronics Products and Solutions at Electronica 2024
PRNewswire/ -- As the demand for advanced technology surges, DuPont will be featuring its extensive portfolio of innovative products and solutions at...
.
12 Nov 2024",0.8271
DuPont de Nemours Inc,"MarketWatch
DuPont de Nemours Inc. stock outperforms market on strong trading day
Shares of DuPont de Nemours Inc. DD. +2.91%. rallied 2.03% to $69.22 Thursday, on what proved to be an all-around favorable trading session for the stock...
.
16 Mar 2023",0.8225
DuPont de Nemours Inc,"Reuters
DuPont sues French aerospace company over flame-barrier technology
A unit of chemical giant DuPont de Nemours Inc sued a French manufacturing company for patent infringement in Delaware federal court over fire-prevention...
.
17 Jun 2022",-0.4767
DuPont de Nemours Inc,"PR Newswire
DuPont Completes Acquisition of Spectrum Plastics Group
WILMINGTON, Del., Aug. 1, 2023 /PRNewswire/ -- DuPont (NYSE: DD) today announced that it has completed the previously announced acquisition of Spectrum...
.
1 Aug 2023",0.0
DuPont de Nemours Inc,"Delaware Business Times
DuPont buys Donatelle Plastics to boost medical device portfolio
In a sign of doubling down on the future of a “new DuPont,” Delaware's chemical company has now signed an agreement to buy Donatelle Plastics Incorporated.
.
25 Jun 2024",0.7096
DuPont de Nemours Inc,"PR Newswire
DuPont Water Technologies Featured in Avoided-Emissions Use Case by World Business Council for Sustainable Development
FilmTec™ membranes highlighted in WBCSD's avoided emissions use case pilot project. WILMINGTON, Del., Dec. 3, 2024 /PRNewswire/ -- DuPont Water Solutions,...
.
3 Dec 2024",-0.34
DuPont de Nemours Inc,"DuPont
Mechelen, Belgium plant now runs on 100% renewable energy!
The DuPont Vespel Parts and Shapes Mechelen site in Belgium has fully transitioned to operating on renewable electricity, as of July 1 st , 2024.
.
1 Jul 2024",0.3382
DuPont de Nemours Inc,"IndustryWeek
DuPont Preps Split Into Three Companies
The leaders of DuPont de Nemours Inc. plan to separate the holding company's electronics and water divisions from its core industrial chemical businesses.
.
23 May 2024",0.0
DuPont de Nemours Inc,"The News Journal
DuPont is splitting into 3 companies ... again. What does this mean for Delaware?
Stop us if you've heard this one before: DuPont is splitting into three companies. The historic Delaware-founded multinational chemical company...
.
23 May 2024",-0.296
DuPont de Nemours Inc,"Investopedia
DuPont Agrees to Sell $1.8 Billion Resins Unit to Jordan Co. It Refocuses
Materials manufacturer DuPont de Nemours Inc. (DD) has agreed to sell its 80.1% controlling stake in Delrin to private equity firm The Jordan Company in a...
.
21 Aug 2023",0.4404
DuPont de Nemours Inc,"PR Newswire
DuPont Launches Tyvek® with Renewable Attribution in Support of Sustainable Healthcare Packaging
WILMINGTON, Del., Nov. 7, 2024 /PRNewswire/ -- DuPont (NYSE: DD) today announced the launch of Tyvek® with Renewable Attribution (RA), an extension of the...
.
7 Nov 2024",0.4019
DuPont de Nemours Inc,"Seeking Alpha
DuPont: Legal Risks Keep The Stock In Hold Territory (DD)
DuPont's unresolved PFAS litigation poses a major risk, despite the settlement in 2023 covering water district claims. See why DD stock is a Hold.
.
15 Oct 2024",-0.5423
DuPont de Nemours Inc,"Barron's
DuPont Stock Has Taken Off. Expect ‘Underperformance.’
While DuPont de Nemours' plan to break itself into three pieces has excited investors, recent gains may have taken the stock too high, driving one analyst...
.
7 Oct 2024",0.5859
DuPont de Nemours Inc,"MyWabashValley.com
DuPont Files Complaint with the International Trade Commission
WILMINGTON, Del., Oct. 9, 2024 /PRNewswire/ -- DuPont (NYSE:DD) today announced it has filed a complaint with the United States International Trade...
.
9 Oct 2024",-0.1531
DuPont de Nemours Inc,"Modern Distribution Management
DuPont to Split into 3 Public Companies, Appoints New CEO
Chemicals and materials manufacturing conglomerate DuPont de Nemours Inc. — widely known as DuPont — plans to split the company three ways in a...
.
23 May 2024",0.0
DuPont de Nemours Inc,"DuPont
DuPont Recognized with Two Sustainability Awards from Business Intelligence Group
WILMINGTON, Del., Aug. 6, 2024 — DuPont (NYSE: DD) has been recognized with two 2024 Sustainability Awards from the Business Intelligence Group...
.
6 Aug 2024",0.9042
DuPont de Nemours Inc,"Manufacturing Dive
DuPont completes purchase of Spectrum Plastics Group for $1.75B
Chemical giant DuPont de Nemours Inc. closed the sale of its $1.75 billion acquisition of medical device manufacturer Spectrum Plastics Group.
.
3 Aug 2023",0.0
DuPont de Nemours Inc,"Reuters
DuPont to shed mobility and materials unit in $11 bln Celanese deal
DuPont said on Friday it would sell most of its mobility and materials business to Celanese Corp for $11 billion, as the industrial materials maker...
.
18 Feb 2022",0.0
DuPont de Nemours Inc,"AJC.com
DuPont, four others paid $45M to settle Rome ‘forever chemicals’ water case
DuPont and four other makers of toxic “forever chemicals” agreed to pay the city of Rome $45 million total in damages to settle a lawsuit.
.
29 Mar 2024",-0.4767
DuPont de Nemours Inc,"PR Newswire
DuPont to Complete Sale of ~80% Ownership in Delrin® Business to TJC
WILMINGTON, Del., Nov. 1, 2023 /PRNewswire/ -- DuPont (NYSE: DD) announced that today it will complete its previously announced sale of an 80.1% ownership...
.
1 Nov 2023",0.0
DuPont de Nemours Inc,"C&EN
DuPont biomaterial business emerges as the new firm Covation
The former DuPont business has a new name, Covation Biomaterials, and a new CEO, longtime DuPont executive Michael Saltzberg.
.
2 Jun 2022",0.0
DuPont de Nemours Inc,"DuPont
DuPont and Desun Unveil Flexible Solar Panels at Intersolar Europe 2024
DuPont and Desun Energy officially launched flexible solar panels featuring DuPont™ Tedlar® frontsheet today at Intersolar Europe 2024, taking place from...
.
19 Jun 2024",0.6597
DuPont de Nemours Inc,"Benzinga
Amazon, Disney, DuPont, Leidos And A Financial Stock On CNBC's 'Final Trades'
On CNBC's “Halftime Report Final Trades,” Rob Sechan of NewEdge Wealth named Comerica Incorporated. CMA. as his final trade. On Nov.
.
6 Nov 2024",0.0772
DuPont de Nemours Inc,"DuPont
Scholarship Awarded to STEM Students through SPE Foundation Sponsorship Program
WILMINGTON, Del. Jan. 10, 2024 – DuPont™ Tedlar® and the SPE (Society of Plastic Engineers) Foundation announced that two students have been awarded the...
.
10 Jan 2024",0.6597
DuPont de Nemours Inc,"Law360
DuPont, Corteva Must Face Pension Benefits Class Action
Chemical companies DuPont and Corteva can't escape a class action claiming they illegally stripped retirement benefits from hundreds of workers following a...
.
18 Jun 2024",0.5693
DuPont de Nemours Inc,"Reuters
DuPont to sell majority stake in $1.8 billion Delrin resins unit
Industrial materials maker DuPont De Nemours said on Monday it has agreed to sell an 80.1% stake in its Delrin resins unit to private equity firm TJC,...
.
21 Aug 2023",0.2732
DuPont de Nemours Inc,"Yahoo Finance
Here's Why You Should Add DuPont Stock to Your Portfolio Now
DuPont de Nemours, Inc.'s DD shares have gained 12% over the past three months. It is expected to gain from its innovation-driven investment,...
.
1 Oct 2024",0.802
DuPont de Nemours Inc,"DuPont
DuPont and Menatek announce collaboration in the Global Bearing Market with NAZ Bearings
The 2024 JSAE events serve as excellent opportunities to showcase latest innovations from MOLYKOTE specialty lubricants and Vespel Parts and Shapes.
.
22 May 2024",0.743
DuPont de Nemours Inc,"GlobeNewswire
Healthcare Cleanroom Consumables Strategic Business Report 2024, Featuring Profiles of 35+ Key Players Including Dow, DuPont de Nemours, Kimberly-Clark, Nitritex, Texwipe and Valutek
Dublin, Dec. 06, 2024 (GLOBE NEWSWIRE) -- The.
.
6 Dec 2024",0.0
DuPont de Nemours Inc,"Inquirer.com
At DuPont, profits are up, inflation is cooling, and board chief Ed Breen is buying, selling and spinning businesses like a hedge fund
Shares of DuPont de Nemours Inc., the Wilmington-based materials maker, jumped 4% Wednesday after new chief executive Lori Koch and chief financial officer...
.
31 Jul 2024",0.765
DuPont de Nemours Inc,"MarketWatch
DuPont de Nemours Inc. stock underperforms Tuesday when compared to competitors despite daily gains
Shares of DuPont de Nemours Inc. DD. +2.91%. inched 0.23% higher to $73.49 Tuesday, on what proved to be an all-around grim trading session for the stock...
.
3 Oct 2023",-0.7666
DuPont de Nemours Inc,"Reuters
DuPont sees China demand returning, raises full-year forecasts
Industrial materials maker DuPont de Nemours said it sees demand returning in China and raised its full-year forecasts on Wednesday, sending shares of the...
.
1 May 2024",0.0516
DuPont de Nemours Inc,"Forbes
DuPont Bets On Electronics 3D Printing
DuPont has acquired specialty materials company Rogers. What will it be using its electronics 3D printing materials for?
.
7 Mar 2022",0.0
DuPont de Nemours Inc,"DuPont
DuPont Names Drew Chambers Global Business Director for Lithography Technologies
WILMINGTON, Del., Jan. 22, 2024 — DuPont (NYSE: DD) today announced that Drew Chambers has been named global business director, Lithography Technologies...
.
22 Jan 2024",0.0
DuPont de Nemours Inc,"Reuters
DuPont seeks US Supreme Court review after $40 million PFAS cancer verdict
DuPont de Nemours Inc. on Friday asked the U.S. Supreme Court to review whether a lower court inappropriately hamstrung its defense during trial over claims...
.
30 Jun 2023",0.4019
DuPont de Nemours Inc,"GlobeNewswire
Specialty Gases Market Report 2024, Featuring Profiles of
The specialty gases market size has grown strongly in recent years, from $11.74 billion in 2023 to $12.77 billion in 2024 at a compound annual growth rate (...
.
14 Nov 2024",0.5719
DuPont de Nemours Inc,"Barchart.com
How Is DuPont’s Stock Performance Compared To Other Materials Stocks?
Wilmington, Delaware-based DuPont de Nemours, Inc. (DD) provides technology-based materials and solutions. With a market cap of $34.3 billion, the company...
.
18 Sept 2024",0.1779
DuPont de Nemours Inc,"Manufacturing Dive
DuPont to sell 80% of Delrin business for $1.8B
Chemical titan DuPont de Nemours will sell 80.1% of its Delrin resin business to private equity firm TJC for $1.8 billion, the company announced Monday.
.
21 Aug 2023",0.0
DuPont de Nemours Inc,"EHS Daily Advisor
Ohio Reaches $110 Million Settlement with DuPont
The state of Ohio recently reached a settlement of $110 million with The Chemours Co., Dupont De Nemours Inc., and Corteva Inc. to resolve legal claims of...
.
8 Jan 2024",0.5719
DuPont de Nemours Inc,"PR Newswire
USD 9.33 billion growth in Flavors And Fragrances Market | Evolving Opportunities with DuPont de Nemours Inc., Firmenich SA, Givaudan SA, Kerry Group Plc, McCormick and Company Inc. | Technavio
PRNewswire/ -- The flavors and fragrances market potential growth difference will be USD 9.33 billion from 2020 to 2025, as per the latest market analysis.
.
20 Jun 2022",0.7783
DuPont de Nemours Inc,"PR Newswire
Industrial Energy Efficiency Services Market Size to grow by USD 2.53 billion | DuPont de Nemours Inc. and Enel Spa Among Key Vendors | Technavio
PRNewswire/ -- According to the report ""Industrial Energy Efficiency Services Market by Service and Geography - Forecast and Analysis 2021-2025"", the market...
.
11 Apr 2022",0.802
DuPont de Nemours Inc,"DuPont
DuPont Announces Leadership Transition
DuPont (NYSE: DD) today announced that its Board of Directors has selected Lori D. Koch, DuPont's Chief Financial Officer, to succeed Edward D. Breen as the...
.
22 May 2024",0.4939
DuPont de Nemours Inc,"Delaware Business Times
DuPont to split into three companies, Breen to step down
Right before the stock market closed for the day, DuPont announced that it would split into three companies. CEO Ed Breen also announced that he would be...
.
22 May 2024",0.0
DuPont de Nemours Inc,"Richmond Times-Dispatch
DuPont settles with Chesterfield workers for $3.6 million in back pay
DuPont has settled with union employees at its Chesterfield County facility that would return certain job functions to union employees and pay out more than...
.
18 Apr 2023",0.0772
DuPont de Nemours Inc,"Newsweek
Clarence Thomas Warns of Domino Effect From Supreme Court Decision
SCOTUS's decision not to hear a petition from DuPont spurred a dissenting opinion from Justice Thomas.
.
21 Nov 2023",0.765
DuPont de Nemours Inc,"The Fayetteville Observer
One year later, Cumberland County tainted water lawsuit against Chemours still unresolved
Cumberland County lawsuit against Chemours over contaminated drinking water advances slowly in the courts.
.
22 Mar 2023",-0.4215
DuPont de Nemours Inc,"DuPont
DuPont Announces 2024 Lavoisier Medal and Pedersen Award Recipients
Company proudly honors four scientists whose innovations have made a significant impact for customers, industries and the world. WILMINGTON, Del., Sept.
.
10 Sept 2024",0.936
DuPont de Nemours Inc,"Yahoo Finance
DuPont de Nemours (DD) Loses -9.28% in 4 Weeks, Here's Why a Trend Reversal May be Around the Corner
DuPont de Nemours (DD) has become technically an oversold stock now, which implies exhaustion of the heavy selling pressure on it.
.
31 Dec 2024",-0.7184
DuPont de Nemours Inc,"Tampa Bay Times
Florida sues DuPont, other companies over toxic firefighting foam
Florida is suing the makers of certain firefighting foams, accusing them of polluting the environment and potentially sickening people with chemicals.
.
3 May 2022",-0.6249
DuPont de Nemours Inc,"FinancialContent
DuPont Is the Unexpected Benefactor of the AI Boom
Please Enable Cookies. www.laserfocusworld.com is using a security service for protection against online attacks. This process is automatic.
.
11 Nov 2024",0.2023
DuPont de Nemours Inc,"DuPont
DuPont to feature advanced mobility solutions at TMC 2024 in China
Qingdao, China, July 4, 2024—DuPont (NYSE:DD) is participating at the 16th Automotive Powertrain Technology Congress (TMC 2024) at booth no.
.
4 Jul 2024",0.128
DuPont de Nemours Inc,"PR Newswire
DuPont Commits to Net-Zero Emissions by 2050
Company exceeds its 2030 1.5°C Climate Goals, Strengthens Commitment on Scope 3 Target. WILMINGTON, Del., Sept. 19, 2024 /PRNewswire/ -- DuPont (NYSE: DD)...
.
19 Sept 2024",0.6908
DuPont de Nemours Inc,"DuPont
DuPont Names Drew Chambers Global Business Director for Lithography Technologies
WILMINGTON, Del., Jan. 23, 2024 —DuPont (NYSE: DD) today announced that Sanjay Kotha has been named global business director of the CMP Technologies...
.
23 Jan 2024",0.0
DuPont de Nemours Inc,"PR Newswire
DuPont Introduces Conductive Tape for Use as Dry Electrode in Biosignal Monitoring
PRNewswire/ -- DuPont (NYSE:DD) today announced that it is introducing DuPont™ Liveo™ Soft Skin Conductive Tape 1-3150 – a silicone-based thermoset adhesive...
.
26 Oct 2023",0.0
DuPont de Nemours Inc,"MarketWatch
DuPont de Nemours Inc. stock falls Monday, underperforms market
Shares of DuPont de Nemours Inc. DD. -1.74%. slid 2.48% to $72.80 Monday, on what proved to be an all-around favorable trading session for the stock market,...
.
6 Mar 2023",0.6486
DuPont de Nemours Inc,"PR Newswire
DuPont Announces Regular Quarterly Dividend on Common Stock
WILMINGTON, Del., Oct. 16, 2024 /PRNewswire/ -- DuPont (NYSE: DD) today announced that its Board of Directors has declared a quarterly dividend of...
.
16 Oct 2024",0.0
DuPont de Nemours Inc,"Bloomberg.com
DuPont’s Water Unit Draws Interest From Potential Buyers
DuPont de Nemours Inc.'s water treatment business, which the US chemicals group is planning to spin out, is drawing separate takeover interest from...
.
24 Jun 2024",0.7184
DuPont de Nemours Inc,"Verified Market Reports
Top Plant Based Protein Companies
Top Plant Based Protein Companies Roquette Frères Le Romain, Ingredion Incorporated, Kerry Group, DuPont de Nemours, Inc., And So On.
.
27 Oct 2023",0.3818
DuPont de Nemours Inc,"Statista
DuPont: revenue 2023
The chemical company DuPont generated over 12 billion US dollars of revenue in 2023. DuPont, with the full name EI du Pont de Nemours and Company, is a...
.
11 Nov 2024",0.0
DuPont de Nemours Inc,"MLive.com
Saginaw could join class action cases related to ‘forever chemicals’ in drinking water
Saginaw City Manager Tim Morales said Saginaw's pursuit of settlement claims was not triggered by any PFAS discovered in the city's municipal water system,...
.
20 Nov 2023",0.296
DuPont de Nemours Inc,"Yahoo Finance
With 75% ownership of the shares, DuPont de Nemours, Inc. (NYSE:DD) is heavily dominated by institutional owners
If you want to know who really controls DuPont de Nemours, Inc. ( NYSE:DD ), then you'll have to look at the makeup of...
.
8 Dec 2022",0.3612
DuPont de Nemours Inc,"DuPont
DuPont Opens New Adhesives Manufacturing Facility
DuPont (NYSE: DD) today held a ceremony to officially open its new adhesives production facility in Zhangjiagang (ZJG), East China. The new facility will...
.
27 Sept 2023",0.0
DuPont de Nemours Inc,"DuPont
DuPont Wins Four R&D100 Awards
Receives Silver Medal in Special Recognition Green Tech Category. WILMINGTON, Del., Aug. 23, 2023 – DuPont (NYSE: DD) today announced that it has won four...
.
23 Aug 2023",0.9451
DuPont de Nemours Inc,"Nasdaq
Is DuPont de Nemours Stock Underperforming the S&P 500?
Wilmington, Delaware-based DuPont de Nemours, Inc. (DD) provides technology-based materials and solutions. With a market cap of $32.4 billion, the company...
.
20 Dec 2024",0.1779
DuPont de Nemours Inc,"WaterWorld
DuPont to spin out $1.5 billion water tech business
Chemicals and materials conglomerate DuPont de Nemours Inc. will spin off its water business as part of a broader plan to split into three companies.
.
24 May 2024",0.0
DuPont de Nemours Inc,"Newswire :) Press Release Distribution
Triago Raises Capital for $510 Million Direct Deal on Behalf of BPGC Management
The target of the standalone deal - done outside of a traditional PE fund structure - is the Clean Technologies business of materials group DuPont de...
.
31 Jan 2022",0.6908
DuPont de Nemours Inc,"Mergers & Acquisitions
Jordan Co. Buys DuPont’s Resins Unit for $1.8B
The divestiture underscores DuPont's refocus on electronics, automotive and water and industrial technologies.
.
21 Aug 2023",0.0
DuPont de Nemours Inc,"Yahoo Finance
DuPont de Nemours (DD) Down 2.2% Since Last Earnings Report: Can It Rebound?
DuPont de Nemours (DD) reported earnings 30 days ago. What's next for the stock? We take a look at earnings estimates for some clues.
.
5 Dec 2024",0.0
DuPont de Nemours Inc,"ChemAnalyst
DuPont Unveils Latest Silicone Blends Suitable for Topical Application
DuPont de Nemours, Inc. has introduced innovative blends of Silicone elastomer and Silicone resin that cater to the growing need for skin care solutions...
.
17 Apr 2023",0.7783
DuPont de Nemours Inc,"PR Newswire
DuPont Showcases Industry-Leading Innovations in Advanced Circuit Materials and Solutions at TPCA Show 2023 in Taipei
PRNewswire/ -- Interconnect Solutions (ICS), part of DuPont Electronics & Industrial, a total solution and system design partner focusing on signal...
.
25 Oct 2023",0.6908
DuPont de Nemours Inc,"Bloomberg Law News
DuPont, Corteva Unable to Fend Off Trial Over Pension Benefits
DuPont de Nemours Inc. and Corteva Inc. failed to convince a federal court to dismiss a class action suit against them challenging the way they handled...
.
20 Jun 2024",0.2263
DuPont de Nemours Inc,"Hydrocarbon Engineering
Elessent acquires DuPont’s Clean Technologies business
Elessent completed its transaction to purchase the Clean Technologies business of DuPont de Nemours Inc. on 31 December 2021.
.
4 Jan 2022",0.6597
DuPont de Nemours Inc,"DuPont
Corian® Design Unveils Nature-Inspired Innovation with the 2024 Color Launch of Corian® Quartz
The new aesthetics of Corian® Quartz, inspired by the beauty of nature's canvas, bring an elevated sense of style to design environments. WILMINGTON, Del.
.
3 Apr 2024",0.8625
DuPont de Nemours Inc,"MarketWatch
DuPont de Nemours Inc. stock underperforms Friday when compared to competitors
Shares of DuPont de Nemours Inc. DD. +0.67%. dropped 0.19% to $77.30 Friday, on what proved to be an all-around positive trading session for the stock...
.
28 Jul 2023",0.7003
DuPont de Nemours Inc,"Reuters
DuPont, Chemours beat back lawsuit over chemicals in N.Y. drinking water
U.S. District Judge Lewis Liman in Manhattan dismissed claims by water management company Suez Water New York Inc that E.I. Du Pont de Nemours and Co and...
.
4 Jan 2022",-0.2263
DuPont de Nemours Inc,"Yahoo Finance
DuPont (DD) Shares Up 17% in 6 Months: What's Driving the Stock?
Shares of DuPont de Nemours, Inc. DD have gained 16.5% over the past six months. The company has also outperformed its industry's rise of 4.5% over the same...
.
26 Aug 2024",0.7184
DuPont de Nemours Inc,"DuPont
Frontsheet Offerings at 2024 SNEC PV Power Expo
DuPont™ Tedlar® will be exhibiting at 2024 SNEC International Photovoltaic Power Generation and Smart Energy Exhibition, taking place from June 13 to June...
.
13 Jun 2024",0.5859
DuPont de Nemours Inc,"PR Newswire
DuPont Announces Agreement to Divest ~80% Ownership in Delrin® Business to TJC
WILMINGTON, Del., Aug. 21, 2023 /PRNewswire/ -- DuPont (NYSE: DD) today announced a definitive agreement to sell an 80.1% ownership interest in the Delrin®...
.
21 Aug 2023",0.8555
DuPont de Nemours Inc,"Manufacturing Dive
DuPont, Corteva, Chemours agree to pay $1.2B in ‘forever chemicals’ settlement
Chemical giants DuPont de Nemours, Corteva and the Chemours Co. have reached a $1.185 billion settlement agreement to resolve all PFAS-related drinking water...
.
6 Jun 2023",0.8074
DuPont de Nemours Inc,"Reuters
Celanese nears over $10 bln deal to buy DuPont unit - Bloomberg News
Specialty chemicals company Celanese Corp is nearing a deal to buy DuPont de Nemours Inc's mobility and materials unit for more than $10 billion,...
.
17 Feb 2022",0.0
DuPont de Nemours Inc,"PR Newswire
DuPont to Acquire Spectrum Plastics Group from AEA Investors
Complements existing offerings for biopharma and pharma processing, medical devices and packaging, including DuPont's Liveo™ silicone solutions and Tyvek®.
.
2 May 2023",0.1779
DuPont de Nemours Inc,"Bloomberg Law News
DuPont Unit Penalized for Hazardous Landfill in West Virginia
A DuPont de Nemours unit will pay for past and future cleanup of arsenic contamination of groundwater from the Filmont Landfill superfund site in South...
.
30 Sept 2024",-0.1027
DuPont de Nemours Inc,"DuPont
DuPont and Habitat for Humanity International Continue Global Partnership
DuPont will donate products to local Habitat for Humanity affiliates as well as provide cash donations that support employee volunteer builds around the world.
.
14 Nov 2024",0.5859
DuPont de Nemours Inc,"DuPont
DuPont™ to Showcase Kalrez® Custom Parts Cutting-Edge Solutions at SEMICON West 2024
Company will highlight deep customer collaborations, reliable supply, innovation and sustainability in the semiconductor industry. WILMINGTON, Del., June 27...
.
26 Jun 2024",0.6908
DuPont de Nemours Inc,"Market.us Media
Top 10 Food Preservative Companies | A Better Shelf Life
Top 10 Food Preservatives Companies: Dow, BASF, Celanese, Archer Daniels Midland, DuPont, Brenntag, Eastman, Tate-n-Lyle, Kerry, Corbion...
.
9 Feb 2024",0.6705
DuPont de Nemours Inc,"The Hill
Texas sues DuPont, 3M over ‘forever chemicals’ in consumer products
Texas Attorney General Ken Paxton (R) is suing companies that have historically made toxic “forever chemicals,” commonly referred to as PFAS, or products...
.
12 Dec 2024",-0.2732
DuPont de Nemours Inc,"DuPont
DuPont’s Randal King Joins Purdue University’s Semiconductor Degrees Leadership Board
WILMINGTON, Del., June 5, 2024 –DuPont (NYSE: DD) today announced that Randal King, PhD, Vice President of R&D/Technology, DuPont Electronics & Industrial,...
.
4 Jun 2024",0.0
DuPont de Nemours Inc,"Simply Wall Street
Analysts Have Made A Financial Statement On DuPont de Nemours, Inc.'s (NYSE:DD) Third-Quarter Report
Taking into account the latest results, the current consensus from DuPont de Nemours' 16 analysts is for revenues of US$13.1b in 2025. This would reflect a...
.
7 Nov 2024",0.0
DuPont de Nemours Inc,"The Washington Post
Chemical giants reach $1.2B settlement over ‘forever chemicals’ in water
The chemical companies DuPont, Chemours and Corteva reached a $1.185 billion settlement over complaints about PFAS, or “forever chemicals,” in...
.
3 Jun 2023",-0.296
DuPont de Nemours Inc,"CNN
A 220-year-old American corporate powerhouse is breaking up
DuPont de Nemours, the American multinational chemical company that traces its history back to 1802, announced plans to split into three publicly traded...
.
23 May 2024",0.0
DuPont de Nemours Inc,"MarketBeat
DuPont Is the Unexpected Benefactor of the AI Boom
The AI boom enabled DuPont to post a second consecutive quarter of revenue growth after 10 straight quarters of YoY revenue decline.
.
11 Nov 2024",0.5423
DuPont de Nemours Inc,"Statista
DuPont's revenue 2020-2023, by region
In 2023, more than 5.1 billion U.S. dollars of DuPont's net trade revenue were generated in the Asia Pacific region. Accordingly, Asia Pacific was DuPont's...
.
22 May 2024",0.0
DuPont de Nemours Inc,"The News Journal
These Delaware companies are among the best large US employers, according to Forbes
Delaware has made another Forbes list — this time, for America's top largest employers.
.
2 Mar 2024",0.7184
DuPont de Nemours Inc,"PR Newswire
DuPont Expands Photoresist Manufacturing Capacity at Sasakami Site in Japan
PRNewswire/ -- DuPont (NYSE: DD) today announced the successful completion of a significant expansion for photoresist manufacturing capacity at the DuPont.
.
4 Oct 2024",0.7184
DuPont de Nemours Inc,"GlobeNewswire
Human Microbiome Strategic Business Research Report 2024: Global Market to Reach $2.8 Billion by 2030 from $486 Million in 2023, Driven by Dow, DuPont de Nemours, and Enterome Among Others
Human Microbiome Strategic Business Research Report 2024: Global Market to Reach $2.8 Billion by 2030 from $486 Million in 2023, Driven by Dow, DuPont de...
.
3 Dec 2024",0.0516
DuPont de Nemours Inc,"Dallas News
Irving-based chemicals firm Celanese strikes $11 billion deal for DuPont business
Irving-based chemicals company Celanese Corp. is acquiring a majority of DuPont de Nemours Inc.'s mobility and materials business in an $11 billion cash deal.
.
18 Feb 2022",-0.3612
DuPont de Nemours Inc,"MLive.com
A giant DuPont leftover in Michigan has defied cleanup for decades
The big white hill north of White Lake is a made of lime. It's a leftover from DuPont, which made neoprene rubber, acetylene and Freon at a site near Montague.
.
3 Jun 2023",0.0
DuPont de Nemours Inc,"AJC.com
DuPont lawyer: Release of Rome PFAS deal could imperil other settlements
Lawyers for DuPont argued in court Monday that the company paid more to settle a toxic contamination case in North Georgia than it was responsible for.
.
9 Oct 2023",-0.0516
DuPont de Nemours Inc,"MarketWatch
DuPont de Nemours Inc. stock rises Friday, outperforms market
Shares of DuPont de Nemours Inc. DD. -0.77%. rallied 1.83% to $61.23 Friday, on what proved to be an all-around great trading session for the stock market,...
.
29 Jul 2022",0.743
DuPont de Nemours Inc,"Investing.com
DuPont Stock Hits 52-Week High at $85.14 Amid Strong Performance
DuPont de Nemours, Inc. (NYSE:DD) has reached a new 52-week high, with its stock price soaring to $85.14, underscoring a period of robust performance for...
.
24 Sept 2024",0.7269
DuPont de Nemours Inc,"Manufacturing Dive
DuPont to separate electronics, water, materials science businesses
DuPont de Nemours plans to split into three independent public companies, the company announced on Wednesday.
.
24 May 2024",0.0
DuPont de Nemours Inc,"Investopedia
DuPont Announces Plans to Split into Three Public Companies, Names New CEO
DuPont announced Wednesday it will split into three publicly traded companies, spinning off its electric and water businesses, in an effort to better...
.
22 May 2024",0.0
DuPont de Nemours Inc,"Luxembourg Times
160 jobs cuts at DuPont Teijin pushed back six months
The jobs will be safe for six months before the company can cut them after reaching an agreement with two unions. Dupont Teijin Films in Contern © Photo...
.
20 Apr 2023",0.5574
DuPont de Nemours Inc,"GlobeNewswire
Sodium Lauryl Ether Sulfate (SLES) Global Strategic Business Report 2023-2024 & 2030 Featuring Key Players - BASF, Dow, DuPont de Nemours, Evonik Industries, Huntsman International, Solvay, and Stepan
The global market for Sodium Lauryl Ether Sulfate (SLES) was estimated at US$1.4 Billion in 2023 and is projected to reach US$2.0 Billion by 2030, growing at a...
.
9 Oct 2024",0.2023
DuPont de Nemours Inc,"KSN.com
Kansas county sues oil corporations, alleging plastics recycling fraud
One county in Kansas is suing oil corporations, alleging fraud about the recyclability of plastics.
.
9 Dec 2024",-0.8658
DuPont de Nemours Inc,"PR Newswire
DuPont to Acquire Donatelle Plastics Incorporated
Transaction deepens healthcare offerings in medical device solutions. WILMINGTON, Del., June 25, 2024 /PRNewswire/ -- DuPont (NYSE: DD) today announced it...
.
25 Jun 2024",0.1779
DuPont de Nemours Inc,"Delaware Business Times
Former DuPont unit becomes new biomaterials company
The former biomaterials segment of DuPont has been relaunched as a new company, Covation Biomaterials, by its new owner.
.
1 Jun 2022",0.0
DuPont de Nemours Inc,"Yahoo News UK
DuPont de Nemours (DD) Q2 Earnings: Taking a Look at Key Metrics Versus Estimates
The headline numbers for DuPont de Nemours (DD) give insight into how the company performed in the quarter ended June 2023, but it may be worthwhile to...
.
2 Aug 2023",0.4767
DuPont de Nemours Inc,"Fast Company
Chemicals giant DuPont is splitting into 3 companies: Here’s why and what that means
Multinational chemicals company DuPont de Nemours announced Wednesday that it will split into three independent publicly traded companies.
.
23 May 2024",0.0
DuPont de Nemours Inc,"DuPont
DuPont Earns Best Partner Award for Innovation from Samsung Electronics
DuPont Canada President honored in the Executive Leadership Category. Recognized for Product Development in Novel Polishing Pads for Advanced Semiconductor...
.
30 Oct 2024",0.9545
DuPont de Nemours Inc,"PR Newswire
DuPont Announces Kevlar® EXO™, a Groundbreaking Next-Generation Aramid Fiber
PRNewswire/ -- DuPont (NYSE:DD) today unveiled Kevlar® EXO™ aramid fiber, the most significant aramid fiber innovation in over 50 years and an entirely new.
.
14 Apr 2023",0.5709
DuPont de Nemours Inc,"Reuters
DuPont to split into three companies, replaces CEO Ed Breen
DuPont said on Wednesday it will split into three publicly traded companies, sending its shares up 5% after the bell as it joins a slew of U.S....
.
22 May 2024",0.296
DuPont de Nemours Inc,"The Guardian
3M sets 2025 deadline to stop making ‘forever chemicals’
Company's current net sales of manufactured PFAS, which are linked to cancer and heart problems, are about $1.3bn.
.
20 Dec 2022",-0.8519
DuPont de Nemours Inc,"DuPont
DuPont Publishes 2024 Sustainability Report
Report highlights continued progress on 2030 Sustainability Goals; Company exceeds climate action targets ahead of schedule. WILMINGTON, Del., April 29,...
.
29 Apr 2024",0.4215
DuPont de Nemours Inc,"Manufacturing Dive
DuPont opens semiconductor component plant in Delaware
Chemical titan DuPont de Nemours opened a new manufacturing facility in Newark, Delaware, last month. The 120,000-square-foot plant is DuPont's third...
.
11 Dec 2023",0.0
DuPont de Nemours Inc,"Simply Wall Street
Has DuPont de Nemours, Inc. (NYSE:DD) Stock's Recent Performance Got Anything to Do With Its Financial Health?
How To Calculate Return On Equity? ... So, based on the above formula, the ROE for DuPont de Nemours is: 2.2% = US$539m ÷ US$25b (Based on the trailing twelve...
.
8 Dec 2024",0.0
DuPont de Nemours Inc,"MarketWatch
DuPont de Nemours Inc. stock rises Friday, outperforms market
Shares of DuPont de Nemours Inc. DD. +2.91%. advanced 2.24% to $75.30 Friday, on what proved to be an all-around great trading session for the stock market,...
.
6 Oct 2023",0.8074
DuPont de Nemours Inc,"Luxembourg Times
160 job losses at DuPont Teijin plant in Luxembourg
Dupont Teijin Films (DTF) will cut 160 jobs at its plant in Luxembourg, the company said on Monday, just a year after management pledged there would be no...
.
6 Mar 2023",-0.5859
DuPont de Nemours Inc,"Law.com
Lawyers in Water Settlements With 3M and DuPont Want Nearly $1B in Legal Fees
Plaintiffs' lawyers who reached global settlements with DuPont de Nemours Inc. and 3M over contaminated drinking water plan to ask for nearly $1 billion in...
.
16 Oct 2023",0.296
DuPont de Nemours Inc,"PRWeb
DuPont Microcircuit and Component Materials (MCM) joining TMYTEK spotlights at IMS 2022
PRNewswire-PRWeb/ -- DuPont (NYSE: DD) Microcircuit and Component Materials (MCM) demonstrates its GreenTape™ low temperature co-fired ceramic (LTCC)...
.
22 Jun 2022",-0.2732
DuPont de Nemours Inc,"Simply Wall Street
DuPont de Nemours' (NYSE:DD) Conservative Accounting Might Explain Soft Earnings
The market for DuPont de Nemours, Inc.'s ( NYSE:DD ) shares didn't move much after it posted weak earnings recently. We...
.
12 Nov 2024",-0.1779
DuPont de Nemours Inc,"Free Press Journal
DuPont Breaks Up: American Chemical Splits Into Three After 220 Years
According to the company, this split will allow the company to explore and maintain focus on business with better emphasis. American chemical company DuPont...
.
23 May 2024",0.7964
DuPont de Nemours Inc,"Manufacturing Dive
DuPont found negligent, fined $16M in Texas plant explosion
EI du Pont de Nemours and Co., formally known today as EIDP, was sentenced for criminal negligence and ordered to pay $16 million in fines and mandated...
.
3 May 2023",-0.5994
DuPont de Nemours Inc,"DuPont
DuPont to Showcase Materials Innovation for EUV Lithography and Sustainability at SPIE Advanced Lithography + Patterning
WILMINGTON, Del., Feb. 22, 2024 – DuPont (NYSE: DD) today announced that research in materials for extreme ultraviolet (EUV) lithography and advancing...
.
22 Feb 2024",0.5574
DuPont de Nemours Inc,"MedTech Dive
DuPont acquires Donatelle Plastics for $313M
The acquisition of the medical device contract manufacturer comes as DuPont prioritizes expansion in the healthcare sector.
.
19 Aug 2024",0.0
DuPont de Nemours Inc,"KUAM
CNMI AG: Saipan Public Water Systems may be entitled to monetary relief under recent settlements
The CNMI Office of the Attorney General said Public Water Systems in Saipan may be entitled to monetary relief under recent settlements in a large...
.
3 Jun 2024",0.8555
DuPont de Nemours Inc,"The Stock Dork
The 6 Best Seaweed Stocks To Buy Now
1.1 DuPont de Nemours, Inc. (NYSE: DD) 1.2 Yield10 Bioscience, Inc. (NASDAQ: YTEN) 1.3 Kerry Group PLC (OTC PINK: KRYAY) 1.4 Corbion NV (OTC PINK: CSNVF
.
8 Nov 2023",0.4215
DuPont de Nemours Inc,"DuPont
DuPont Showcases Innovative Advanced Circuit Materials at Intelligent Asia 2024
BANGKOK, Thailand, Feb. 28, 2024 – DuPont will present an extensive range of advanced circuit materials and solutions at Intelligent Asia Thailand 2024.
.
28 Feb 2024",0.9118
DuPont de Nemours Inc,"Bergen Record
This North Jersey town reached $3M settlement with 3M, DuPont for polluted water
Hawthorne spent more than $6.3 million to design and install a filtration system to remove PFAs from its drinking water.
.
16 Nov 2023",-0.3818
DuPont de Nemours Inc,"DuPont
Anniversary at ISS Long Beach, US, and reinforces its excellence on Pigment Inks for Inkjet Digital Printing
WILMINGTON, Del., January 18, 2024 – DuPont, a global leader in digital inkjet inks with its Artistri® ink products, will celebrate its 35th Anniversary and...
.
18 Jan 2024",0.8316
DuPont de Nemours Inc,"WSJ
AEA Investors to Sell Spectrum Plastics Group to DuPont for $1.75 Billion
DuPont de Nemours on Tuesday said it has agreed to buy Spectrum Plastics Group, a maker of specialty medical devices and components, from private-equity firm...
.
2 May 2023",0.2732
DuPont de Nemours Inc,"Reuters
DuPont raises annual profit forecast on strong AI-tech demand
DuPont de Nemours raised its full-year profit forecast after topping third-quarter estimates on Tuesday, as the industrial materials maker rides a recovery...
.
5 Nov 2024",0.8225
DuPont de Nemours Inc,"Law360
DuPont, Corteva Liable For Bad Benefits Info, Judge Says
Chemical companies DuPont and Corteva Inc. violated federal benefits law when they cut hundreds of workers off from retirement benefits following a merger...
.
19 Dec 2024",-0.296
DuPont de Nemours Inc,"Simply Wall Street
Earnings Tell The Story For DuPont de Nemours, Inc. (NYSE:DD)
DuPont de Nemours, Inc.'s ( NYSE:DD ) price-to-earnings (or ""P/E"") ratio of 63.6x might make it look like a strong sell...
.
22 Dec 2024",0.7003
DuPont de Nemours Inc,"Bloomberg
DuPont (DD) to Split Into Three Companies as CEO Ed Breen Steps Back
DuPont de Nemours Inc. plans to break up — again.
.
23 May 2024",0.0
DuPont de Nemours Inc,"WSJ
Celanese to Buy Most of DuPont’s Mobility and Materials Unit for $11 Billion
Chemical and specialty-materials company Celanese Corp. CE 0.81%increase; green up pointing triangle has reached a deal to buy most of DuPont de Nemours...
.
18 Feb 2022",0.1027
DuPont de Nemours Inc,"IMARC Group
Top 11 Aramid Fiber Manufacturer in the World
List of top Aramid Fiber Manufacturer including Teijin, DuPont de Nemours Inc., Yantai Tayho Advanced Materials Company, Hyosung Corporation, Toray Chemical...
.
5 May 2023",0.5574
DuPont de Nemours Inc,"Bloomberg Law News
Texas AG Targets 3M, DuPont for Allegedly Shrouding PFAS Safety
Texas Attorney General Ken Paxton sued 3M Co. and DuPont de Nemours Inc. on Wednesday, alleging that the chemical manufacturers misled consumers about the...
.
11 Dec 2024",0.4215
DuPont de Nemours Inc,"Yahoo Finance
Is DuPont de Nemours (DD) the Best Plastics Stock to Invest in Now?
In this article, we are going to take a look at where DuPont de Nemours Inc. (NYSE:DD) stands against the other plastics stocks.
.
11 Dec 2024",0.6369
DuPont de Nemours Inc,"DuPont
brand, emphasizing its commitment to innovation in the digital printing industry.
WILMINGTON, Del. Feb.8, 2024 – This year, DuPont celebrates the 35th anniversary of DuPont™ Artistri® Digital Inks. In 1989, DuPont introduced Cromalin,...
.
8 Feb 2024",0.836
DuPont de Nemours Inc,"Reuters
DuPont to sell Delrin resins unit to PE firm for around $1.8 bln - Bloomberg News
Materials and chemicals maker DuPont De Nemours Inc is in advanced talks to sell its Delrin resins unit to private equity firm The Jordan Company for about...
.
21 Aug 2023",0.25
DuPont de Nemours Inc,"PR Newswire
DuPont to Launch Tedlar® Frontsheet Solution at 2023 SNEC PV Power Expo
PRNewswire/ -- DuPont (NYSE: DD) today announced it will introduce its latest Tedlar® frontsheet materials at the 2023 SNEC International Photovoltaic Power...
.
24 May 2023",0.3182
DuPont de Nemours Inc,"PBS
$1.18 billion deal reached over drinking water contamination by ‘forever chemicals’
DuPont de Nemours Inc., The Chemours Co. and Corteva Inc. said they would establish a fund to compensate water providers for contamination with the...
.
5 Jun 2023",0.1027
DuPont de Nemours Inc,"Morningstar
DuPont: Delrin Divestiture Values Business at a Low Multiple, but Deal Structure Is Value Neutral
Morningstar is an investment research company offering mutual fund, ETF, and stock analysis, ratings, and data, and portfolio tools.
.
21 Aug 2023",0.5267
DuPont de Nemours Inc,"CT Mirror
CT targets 3M, DuPont and others over PFAS pollution in water
CT filed two lawsuits accusing chemical makers of covering up for decades the dangers of PFAS, toxic and ubiquitous 'forever' chemicals.
.
25 Jan 2024",-0.6705
DuPont de Nemours Inc,"DuPont
DuPont features advanced mobility solutions at TMC 2024 in China
Qingdao, China, July 4, 2024—DuPont (NYSE:DD) is participating at the 16th Automotive Powertrain Technology Congress (TMC 2024) at booth no.
.
4 Jul 2024",0.128
DuPont de Nemours Inc,"Law.com
Federal Judge Approves $1.1B DuPont PFAS Water Contamination Settlement
""The court finds that the settlement agreement is reasonable,"" U.S. District Judge Richard Gergel said. ""As discussed at length ... success against...
.
12 Feb 2024",0.8625
DuPont de Nemours Inc,"PR Newswire
DuPont Announces Two Technology Leaders as DuPont Laureates
Dr. Deyan Wang and Nicholas Sands Recognized for a Career of Innovation and Business Impact; Achieve Highest Technical Level in the Company.
.
10 Oct 2024",0.3818
DuPont de Nemours Inc,"DuPont
DuPont Unveils Pyralux® ML Laminate Series, Offering High Thermal Management for Extreme Environments
The Pyralux ML laminate series provides exceptional performance in challenging environments, making it a versatile and innovative solution for many different...
.
9 Apr 2024",0.7003
DuPont de Nemours Inc,"BNN Bloomberg
DuPont Profit Tops Estimates; Guidance Raised Ahead of Breakup
Dupont de Nemours Inc. second-quarter profit exceeded investor expectations, as AI-driven demand for semiconductors drove gains in its electronics business.
.
31 Jul 2024",0.875
DuPont de Nemours Inc,"DuPont
DuPont Wins Three 2023 Edison Awards™
Two Silver Awards and One Bronze highlight sustainable technologies. WILMINGTON, Del., April 21, 2023 – DuPont (NYSE:DD) today announced that three of its...
.
21 Apr 2023",0.8442
DuPont de Nemours Inc,"DuPont
DuPont Showcases AI Innovations Featuring Advanced Interconnects at 2024 International Electronic Circuits Exhibition
DuPont today announced it will showcase its comprehensive range of advanced circuit materials and solutions at the 2024 International Electronic Circuits...
.
13 May 2024",0.6908
DuPont de Nemours Inc,"GuruFocus
Unveiling DuPont de Nemours (DD)'s Value: Is It Really Priced Ri
Today, we take a deep dive into the intrinsic value of DuPont de Nemours Inc (DD), a diversified global specialty chemicals company.
.
1 Nov 2023",0.5859
DuPont de Nemours Inc,"ESG Dive
Texas AG sues 3M, DuPont over PFAS-linked products
Texas Attorney General Ken Paxton alleged that the companies marketed products containing the forever chemicals as safe, despite knowing of potential harms for...
.
16 Dec 2024",-0.0772
DuPont de Nemours Inc,"Bloomberg
Breakup Fever Puts Conglomerates Johnson Controls and Honeywell in Crosshairs
The fever to break up multi-industry companies remains at maximum temperature with DuPont de Nemours Inc. announcing that it will split into three publicly...
.
24 May 2024",0.0
DuPont de Nemours,"Cleveland.com
Ohio to get $110 million from DuPont in PFAs lawsuit settlement
COLUMBUS, Ohio – The state will receive $110 million from two massive chemical manufacturers for their role unleashing vast sums of toxic PFAs in Southeast...
.
30 Nov 2023",-0.2263
DuPont de Nemours,"BioSpace
Vonco Acquires Flex-Pak, Specialty Provider of DuPont™ Tyvek®, Expanding its Contract Manufacturing Capabilities and Services for Healthcare and Consumer Markets
This acquisition puts Vonco in a very unique space of providing risk-free turnkey contract manufacturing of devices, packaging, and sterilization management.
.
13 Jan 2022",0.0
DuPont de Nemours,"Reuters
3M, DuPont PFAS settlements called inadequate by cities, other objectors
U.S. cities, towns and water districts have challenged proposed class action settlements worth more than $11 billion with 3M , DuPont de Nemours and others,...
.
13 Nov 2023",-0.296
DuPont de Nemours,"Reuters
DuPont to sell Delrin resins unit to PE firm for around $1.8 bln - Bloomberg News
Materials and chemicals maker DuPont De Nemours Inc is in advanced talks to sell its Delrin resins unit to private equity firm The Jordan Company for about...
.
20 Aug 2023",0.25
DuPont de Nemours,"Reuters
Rejecting 3M, DuPont PFAS settlements risks decade-long legal fights, judge warns
Any water utility that opts out of proposed settlements with 3M (MMM.N), DuPont de Nemours (DD.N) and others may have to wait a decade to resolve their...
.
5 Dec 2023",-0.6249
DuPont de Nemours,"Luxembourg Times
DuPont scraps $5.2bn takeover deal
US chemical giant DuPont called off its planned $5.2 billion acquisition of engineering materials maker Rogers Corp., saying it was unable to get timely...
.
2 Nov 2022",0.0
DuPont de Nemours,"Reuters
Chemours, DuPont, Corteva reach $110 mln 'forever chemicals' Ohio settlement
Chemours , Dupont De Nemours and Corteva have reached a settlement agreement with the U.S. state of Ohio for $110 million to resolve claims associated with...
.
29 Nov 2023",0.743
DuPont de Nemours,"Time Magazine
Companies Knew the Dangers of PFAS ‘Forever Chemicals’—and Kept Them Secret
The female employees at the DuPont chemical company's Washington Works plant in Parkersburg, W. Va., were not given much of an explanation in 1981 when they...
.
1 Jun 2023",-0.4939
DuPont de Nemours,"Port City Daily
Superior Court rules in favor of AG Stein’s suit to put DuPont’s subsidiaries on the hook for PFAS damages
NORTH CAROLINA — A superior court judge put forward an order Wednesday to make DuPont's subsidiaries liable for PFAS contamination caused by the original…
.
8 Feb 2024",0.7783
DuPont de Nemours,"Ink World Magazine
DuPont
4020 Stirrup Creek Drive, Suite 211 Durham, NC 27703 Tel: (877) 234-1794 www.inkjet.dupont.com; www.mcm.
.
19 Jul 2023",0.0
DuPont de Nemours,"Luxembourg Times
160 jobs cuts at DuPont Teijin pushed back six months
A total of 160 jobs are likely to be cut at Dupont Teijin Films (DTF) in Contern from the end of this year despite union efforts to keep them in Luxembourg.
.
20 Apr 2023",-0.5106
DuPont de Nemours,"PhillyVoice
Longwood Gardens to purchase 505-acre du Pont Estate in Delaware
Longwood Gardens will purchase the 505-acre Granogue Reserve in northern Delaware, preserving the estate that had belonged to the heirs of the DuPont...
.
3 Feb 2023",0.0
DuPont de Nemours,"AJC.com
DuPont, four others paid $45M to settle Rome ‘forever chemicals’ water case
DuPont and four other makers of toxic “forever chemicals” agreed to pay the city of Rome, Georgia $45 million total in damages to settle a lawsuit tha.
.
29 Mar 2024",-0.4767
DuPont de Nemours,"E&E News by POLITICO
Chemical giant DuPont splits into 3 companies
DuPont de Nemours announced Wednesday it plans to separate into three independent public companies: New DuPont, Electronics and Water.
.
24 May 2024",0.0
DuPont de Nemours,"Kelley Drye & Warren LLP
Ohio Reaches $110 Million PFAS Settlement with DuPont
EI du Pont de Nemours and Co. (now known as EIDP, Inc.), The Chemours Company, Corteva, Inc., and DuPont de Nemours, Inc. have agreed to pay $110 million to...
.
30 Nov 2023",0.2263
DuPont de Nemours,"Luxembourg Times
Luxembourg trade unions say DuPont owes employees back pay
A number of employees at various DuPont company sites in Luxembourg are owed as much as 30% of their salaries in back wages, according to trade unions OGBL and...
.
7 Feb 2024",-0.0258
DuPont de Nemours,"Keohane Funeral Home
Natalie Dupont Lyon Obituary November 5, 2022
Natalie duPont Lyon, of Hingham, Massachusetts, and Fishers Island, New York, died peacefully at The Residence at Penniman Hill on Saturday, November 5,...
.
5 Nov 2022",-0.4019
DuPont de Nemours,"ET HealthWorld
DuPont to buy Spectrum Plastics Group for $1.75 billion
DuPont De Nemours Inc: Following the acquisition about 10 per cent of consolidated revenue will come from healthcare, the company said, adding it expects...
.
2 May 2023",0.0
DuPont de Nemours,"Reuters
DuPont loses challenge over cancer victim's $40 mln verdict in PFAS case
A federal appeals court has upheld a $40 million verdict for a cancer survivor who sued E.I. du Pont de Nemours and Co after years of exposure to a toxic...
.
6 Dec 2022",-0.7964
DuPont de Nemours,"Barron's
DuPont Stock Plunges on Lousy Guidance. Blame China and ‘Destocking.’
DuPont said Wednesday that it expects adjusted fourth-quarter earnings of between 85 cents and 87 cents a share on sales of $2.9 billion.
.
24 Jan 2024",-0.5719
DuPont de Nemours,"YouTube · CNBC Television
Calls of the Day: Berkshire Hathaway B, GE Aerospace, Dupont De Nemours, and Target
The Investment Committee discuss the latest Calls Of The Day.
.
5 Sept 2024",0.0
DuPont de Nemours,"Yahoo Finance
DuPont de Nemours (DD) Loses -9.28% in 4 Weeks, Here's Why a Trend Reversal May be Around the Corner
A strong agreement among sell-side analysts covering DD in raising earnings estimates for the current year has led to an increase in the consensus EPS estimate...
.
31 Dec 2024",0.7579
DuPont de Nemours,"RTL Today
Contern site: DuPont Teijin Films to end production and lay off 160 workers
DuPont Teijin Films, a major producer of polyester films, is closing two production sites in Contern, affecting 160 of the 270 workplaces in Luxembourg.
.
6 Mar 2023",0.0
DuPont de Nemours,"Reuters
Breakingviews - DuPont gets the better end of a deal this time
Makeovers don't come cheap, and the recipient doesn't always look better afterwards. Chemicals giant DuPont de Nemours can count a $130 billion merger,...
.
18 Feb 2022",0.7003
DuPont de Nemours,"Reuters
Supreme Court won't review $40 million DuPont PFAS verdict tied to cancer
The U.S. Supreme Court on Monday refused to review a $40 million verdict against E.I. du Pont de Nemours & Co, preserving a legal win for an Ohio man who...
.
20 Nov 2023",0.7964
DuPont de Nemours,"Indian Chemical News
DuPont restructures leadership team
DuPont announced that its Board of Directors has selected Lori D. Koch, DuPont's Chief Financial Officer, to succeed Edward D. Breen as the company's Chief...
.
24 May 2024",0.4939
DuPont de Nemours,"The News Journal
Chemical giant Chemours is in apparent tumult, as CEO and CFO are placed on leave
Wilmington-based chemical giant The Chemours Co., a spinoff of DuPont chemical empire, is in apparent tumult at the uppermost levels of management.
.
29 Feb 2024",-0.0516
DuPont de Nemours,"The Business Journals
DuPont acquisition of Chandler company still awaits approval from China
The $5 billion merger deal had been announced last November but has been held up as it works through regulatory approvals. Rogers is one of Arizona's...
.
1 Oct 2022",0.296
DuPont de Nemours,"Morningstar
DuPont: Delrin Divestiture Values Business at a Low Multiple, but Deal Structure Is Value Neutral
On Aug. 21, DuPont DD announced a transaction to divest of 80.1% of its Delrin business to private equity firm TJC Partners. The deal values the Delrin...
.
21 Aug 2023",0.7876
DuPont de Nemours,"PR Newswire
DuPont Announces Leadership Transition
Ed Breen to Transition to Executive Chair Role; Lori Koch Named Chief Executive Officer; Antonella Franzen Named Chief Financial Officer. WILMINGTON, Del.
.
22 May 2024",0.0
DuPont de Nemours,"The News Journal
EXCLUSIVE: This Delaware du Pont estate may be worth $50 million. Look who's buying it.
Longwood Gardens is buying Granogue, the stunning 505-acre private estate near Centreville, Delaware, owned by the late Irénée du Pont Jr.
.
1 Feb 2023",0.694
DuPont de Nemours,"The Motley Fool
Why DuPont Stock Is Falling Today
Chemicals giant DuPont de Nemours (DD -0.78%) is seeing demand soften, both from Western industrial customers and from China. That's impacting earnings...
.
24 Jan 2024",-0.6124
DuPont de Nemours,"Nasdaq
Is DuPont de Nemours Stock Underperforming the S&P 500?
Over the past three months, DD stock has dipped 7.6%, underperforming the S&P 500 Index's ($SPX) 2.7% gains during the same time frame.
.
20 Dec 2024",0.34
DuPont de Nemours,"The Hill
Federal court finalizes $1.2B ‘forever chemicals’ settlement involving major firms
A federal district court judge granted final approval Thursday to a $1.2 billion settlement between water utilities affected by “forever chemicals” and DuPont...
.
8 Feb 2024",0.5423
DuPont de Nemours,"Barchart.com
How Is DuPont’s Stock Performance Compared To Other Materials Stocks?
Wilmington, Delaware-based DuPont de Nemours, Inc. (DD) provides technology-based materials and solutions. With a market cap of $34.3 billion,...
.
18 Sept 2024",0.1779
DuPont de Nemours,"Bloomberg.com
DuPont (DD) to Split Into Three Companies as CEO Ed Breen Steps Back
DuPont de Nemours Inc. plans to break up — again.
.
23 May 2024",0.0
DuPont de Nemours,"AP News
Companies reach $1.18 billion deal to resolve claims from 'forever chemicals' water contamination
Three chemical manufacturing companies have reached a deal to resolve complaints of polluting many U.S. drinking water systems with compounds known as PFAS.
.
2 Jun 2023",0.4588
DuPont de Nemours,"CNN
California sues 3M, DuPont over toxic ‘forever chemicals’
California's attorney general on Thursday sued 3M Co, DuPont de Nemours Inc and several other companies to recoup the “staggering” clean-up costs from toxic...
.
10 Nov 2022",0.0
DuPont de Nemours,"Nasdaq
DuPont de Nemours Stock: Is Wall Street Bullish or Bearish?
The mean price target of $98.54 represents a 21.1% premium to DD's current price levels. The Street-high price target of $107 suggests an ambitious upside...
.
20 Nov 2024",0.4767
DuPont de Nemours,"National Park Service (.gov)
Latinas/os of 1940s Hanford
During the 1940s, Spanish speakers, Mexican Americans, and Puerto Ricans worked, played, and adjusted to life in the Tri-Cities.
.
24 Oct 2024",0.34
DuPont de Nemours,"Fast Company
Chemicals giant DuPont is splitting into 3 companies: Here’s why and what that means
Multinational chemicals company DuPont de Nemours announced Wednesday that it will split into three independent publicly traded companies, separating its...
.
23 May 2024",0.0
DuPont de Nemours,"PR Newswire
DuPont Announces Two Technology Leaders as DuPont Laureates
PRNewswire/ -- DuPont (NYSE:DD) today announced that two of its technology leaders have achieved the professional distinction of DuPont Laureate, the...
.
10 Oct 2024",0.0
DuPont de Nemours,"MSN
DuPont upgraded at BMO on plan to split into 3 companies
DuPont de Nemours (NYSE:DD) on Thursday was upgraded to Outperform from a previous investment rating of Market Perform by analysts at financial-services...
.
24 May 2024",0.0
DuPont de Nemours,"Printed Electronics Now
DuPont Announces Leadership Transition
DuPont announced that its Board of Directors has selected Lori D. Koch, DuPont's CFO, to succeed Edward D. Breen as the company's CEO.
.
23 May 2024",0.4939
DuPont de Nemours,"The Business Journals
DuPont to split into three public companies, appoints new CEO
DuPont last underwent a similar restructuring in 2019 as DowDuPont when it split into three companies.
.
22 May 2024",0.0
DuPont de Nemours,"Yahoo
3M, DuPont defeat massive class action over forever chemicals
A US appeals court on Monday handed 3M, Corteva Inc subsidiary EI du Pont de Nemours and Co and other manufacturers of toxic so-called forever chemicals a big...
.
27 Nov 2023",-0.4588
DuPont de Nemours,"CBS News
Global brands lied about toxic ""forever chemicals,"" new study shows
Companies making so-called ""forever chemicals"" knew they were toxic decades before health officials, but kept that information hidden from the public.
.
2 Jun 2023",-0.2023
DuPont de Nemours,"MSN
DuPont Plans Three-Way Split in Return to CEO’s Playbook
(Bloomberg) -- DuPont de Nemours Inc. plans to break up — again. The company will separate its electronics and water units through tax-free transactions,...
.
23 May 2024",0.0
DuPont de Nemours,"DuPont
Kevlar® EXO™ Launch Campaign Wins Bronze Effie Award
DuPont™ Kevlar® EXO™ Launch Campaign Wins Bronze Effie Award. Wilmington, Delaware – June 28, 2024 – DuPont (NYSE: DD) is proud to announce that its launch...
.
28 Jun 2024",0.9552
DuPont de Nemours,"The News Journal
Auction of du Pont-owned Americana fetches nearly $7 million, blowing past expectations
Last weekend's Sotheby's auction, which sold off the life collection of Americana owned by late Newarker William K. du Pont, sold for $6.9 million, exceeding...
.
28 Jan 2022",0.0
DuPont de Nemours,"MSN
DuPont shares slide after Barclays downgrade on valuation, breakup concerns
Shares of DuPont de Nemours (NYSE:DD) slid lower to 2.9% in pre-market trading on Monday after Barclays downgraded the stock to underweight from equal weight.
.
7 Oct 2024",0.296
DuPont de Nemours,"Yahoo Finance
Here's What Makes DuPont Stock a Solid Choice Right Now
DuPont de Nemours, Inc. DD benefits from its innovation-driven investment, productivity actions and the acquisitions of the Spectrum Plastics Group and...
.
10 Dec 2024",0.4939
DuPont de Nemours,"Investing.com
DuPont De Nemours Earnings, Revenue Beat in Q1
Investing.com - DuPont (NYSE:DD) De Nemours reported on Tuesday first quarter earnings that beat analysts' forecasts and revenue that topped expectations.
.
3 May 2022",0.0
DuPont de Nemours,"Delaware Business Times
DuPont, Chemours, Corteva reach $1B drinking water settlement
WILMINGTON – The trio of companies that emerged from the legacy of E. I. du Pont de Nemours and Company – DuPont, Chemours and Corteva – have reached a...
.
2 Jun 2023",0.128
DuPont de Nemours,"Regulatory Oversight
Ohio AG and DuPont Reach $110M Settlement Over Chemical Contamination
Ohio Attorney General (AG) Dave Yost and Governor Mark DeWine announced a proposed $110 million settlement with Du Pont De Nemours and Co. and The Chemours...
.
13 Dec 2023",0.0258
DuPont de Nemours,"Business Wire
Rogers’ Shareholders Approve Acquisition by DuPont
Rogers Corporation (NYSE: ROG) announced that at a special shareholder meeting held earlier today, its shareholders voted to approve the previously...
.
25 Jan 2022",0.4019
DuPont de Nemours,"The News Leader | Staunton, VA
Former Waynesboro DuPont wall clocks still ticking after 100 years
An oak and a walnut version of the Waynesboro DuPont pendulum wall clocks are still hanging and operating, one in Verona and the other in Doswell, Va.
.
24 Feb 2022",0.0
DuPont de Nemours,"MedTech Dive
DuPont acquires Donatelle Plastics for $313M
DuPont closed its acquisition in July of Donatelle Plastics, a contract manufacturer that produces medical devices and components such as surgical staplers and...
.
19 Aug 2024",0.0
DuPont de Nemours,"PR Newswire
DuPont Publishes 2024 Sustainability Report
Report highlights continued progress on 2030 Sustainability Goals; Company exceeds climate action targets ahead of schedule. WILMINGTON, Del., April 29,...
.
29 Apr 2024",0.4215
DuPont de Nemours,"MarketWatch
Kevlar, Tyvek parent DuPont’s stock surges after big profit beat, raised outlook
Shares of DuPont de Nemours Inc. jumped toward a two-year high Wednesday, after the specialty materials and electronics company reported first-quarter results...
.
1 May 2024",0.6249
DuPont de Nemours,"Business Wire
Chemours, DuPont, and Corteva Reach Comprehensive PFAS Settlement with U.S. Water Systems
The Chemours Company (NYSE: CC), DuPont de Nemours, Inc. (NYSE: DD) and Corteva, Inc. (NYSE: CTVA) (the “companies”) today announced they have reached an...
.
2 Jun 2023",0.3612
DuPont de Nemours,"Kiplinger
DuPont Split Will Create Three Separate Companies: What To Know
DuPont de Nemours (DD) is making headlines Thursday after the global chemicals company announced its intention to split into three independent, publicly traded...
.
23 May 2024",0.2732
DuPont de Nemours,"Reuters
Breakingviews - DuPont takes welcome M&A break
The seemingly eternal makeover at DuPont de Nemours has been forced into a welcome pause. The chemicals giant just scrapped its $5.2 billion acquisition of...
.
2 Nov 2022",0.4588
DuPont de Nemours,"Reuters
DuPont scraps $5.2 bln Rogers buyout due to China hurdles
Chemicals maker DuPont De Nemours Inc said on Tuesday it was ending its $5.2 billion buyout of Rogers Corp , the first collapse of a major U.S. deal in four...
.
2 Nov 2022",-0.4939
DuPont de Nemours,"KPBS
California sues 3M, Dupont and others over 'forever chemicals' that taint water
A lawsuit filed Thursday by the state of California accuses 3M, Dupont and 16 smaller companies of covering up the harm caused to the environment and the...
.
10 Nov 2022",-0.7783
DuPont de Nemours,"Chemistry World
UN human rights experts condemn DuPont and Chemours
PFAS discharges from US plant denied community access to safe water, UN advisors assert.
.
1 Mar 2024",-0.3818
DuPont de Nemours,"Yahoo Finance
Is DuPont de Nemours (DD) the Best Plastics Stock to Invest in Now?
In this article, we are going to take a look at where DuPont de Nemours Inc. (NYSE:DD) stands against the other plastics stocks.
.
10 Dec 2024",0.6369
DuPont de Nemours,"Bloomberg Law News
Corteva’s E.I. du Pont Sees Pension Math Lawsuits Inch Forward
Retirees suing Corteva Inc.'s E.I. du Pont de Nemours & Co. are poised to largely advance a pair of proposed class actions saying their pensions have been...
.
1 Feb 2024",-0.1779
DuPont de Nemours,"Law.com
DuPont Strikes $1.2 Billion Settlement Over Toxic Chemicals, Leaving 3M to Face Trial Alone
DuPont agreed to a $1.185 billion settlement involving toxic chemicals that includes a case brought by the city of Stuart, Florida, that begins trial on Monday.
.
2 Jun 2023",-0.34
DuPont de Nemours,"Manufacturing Dive
The history of PFAS: From World War II to your Teflon pan
How DuPont and 3M turned a 1930s lab accident into one of the century's most controversial chemicals. Published December 6, 2023 By Sara Samora • Visual...
.
6 Dec 2023",-0.8439
DuPont de Nemours,"Bloomberg Law News
Massive 3M, DuPont PFAS Class Dismantled by Sixth Circuit (1)
The Sixth Circuit on Monday tossed a lawsuit and dismantled a class that would have covered every Ohioan in a major case over exposure to “forever chemicals.”
.
27 Nov 2023",-0.2263
DuPont de Nemours,"Business Wire
INVESTIGATION ALERT: Scott+Scott Attorneys at Law LLP Investigates DuPont de Nemours, Inc.’s Directors and Officers for Breach of Fiduciary Duties – DD
(“DuPont”) (NYSE: DD) breached their fiduciary duties to DuPont and its shareholders. If you are a DuPont shareholder, you may contact attorney Joe Pettigrew...
.
26 Jun 2023",0.4466
DuPont de Nemours,"GuruFocus
DuPont de Nemours Inc (DD) Shares Up 5.44% on Nov 5
DuPont de Nemours Inc (DD) Shares Up 5.44% on Nov 5 ... Shares of DuPont de Nemours Inc (DD, Financial) surged 5.44% in mid-day trading on Nov 5. The stock...
.
5 Nov 2024",0.6808
DuPont de Nemours,"The National Desk
Spotlight on America Investigates: Toxic Wrap? PFAS in fast-food packaging
WASHINGTON (TND) — America loves fast food. According to data compiled by the National Center for Health Statistics, more than 80 million people in the...
.
26 Apr 2022",0.5719
DuPont de Nemours,"Yahoo Finance
Here's Why DuPont de Nemours (DD) is a Strong Momentum Stock
DD is a Zacks Rank #2 (Buy) stock, with a Momentum Style Score of B and VGM Score of B. Shares are up 1.8% over the past one week and up 0% over the past four...
.
25 Nov 2024",0.6705
DuPont de Nemours,"Seeking Alpha
DuPont De Nemours' Monumental Development Opens Doors For Monumental Growth
Summary · DuPont de Nemours is planning a major structural change by spinning off its operations into three independent, publicly traded companies. · The move...
.
24 May 2024",0.3818
DuPont de Nemours,"The Guardian
Top US chemical firms to pay $1.2bn to settle water contamination lawsuits
Dupont, Chemours and Corteva agree deal and 3M also reportedly considering $10bn settlement to avoid trial due to start on Monday.
.
2 Jun 2023",0.0258
DuPont de Nemours,"PRWeb
DuPont Launches Micromax™ Brand for Microcircuit and Component Materials Products
PRNewswire-PRWeb/ -- Today DuPont announced the launch of a new brand, Micromax™, that will encompass the products formerly under the Microcircuit and...
.
15 Sept 2022",0.0
DuPont de Nemours,"GlobeNewswire
Commodity Plastics Market Analysis Report 2025-2030, Featuring Profiles of Leading Players - BASF, SABIC, DuPont de Nemours, Evonik Group, Sumitomo Chemical Co & More
The global commodity plastics market size is estimated to reach USD 595.7 billion by 2030, registering a CAGR of 2.9% from 2025 to 2030.
.
14 Nov 2024",0.0258
DuPont de Nemours,"Business Wire
Rogers Issues Statement Regarding DuPont’s Notice of Termination of Merger Agreement
Rogers Corporation (NYSE: ROG) today issued the following statement in response to DuPont de Nemours, Inc.'s (“DuPont”) notice of termination of the...
.
2 Nov 2022",0.4939
DuPont de Nemours,"Reuters
Breakingviews - DuPont’s big breakup could be second-time lucky
How big should a company be? For DuPont de Nemours boss Ed Breen, the real question is: how small? DuPont is about to break up into three companies,...
.
23 May 2024",0.4871
DuPont de Nemours,"Bloomberg Law News
Companies Face Billions in Damages as PFAS Lawsuits Flood Courts
Corporations including 3M Co., Chemguard Inc., Kidde-Fenwal Inc., National Foam Inc., and Dynax Corp. are now being sued at roughly the same rate as DuPont.
.
23 May 2022",-0.5423
DuPont de Nemours,"Luxembourg Times
Luxembourg jobs at risk as DuPont de Nemours plans global cuts
The company employs over 850 people at plant in Contern ... Manufacturer DuPont de Nemours could cut jobs at its plant in Luxembourg as the global company is...
.
6 Nov 2023",-0.6597
DuPont de Nemours,"U.S. Environmental Protection Agency (.gov)
Chemours Pompton Lakes Works Site, Pompton Lakes, NJ
E.I. DuPont De Nemours & Company manufactured explosives on this 570-acre site at the north end of Pompton Lakes, New Jersey from 1902-1994.
.
18 Jun 2024",0.0
DuPont de Nemours,"Business Wire
INVESTIGATION REMINDER: Scott+Scott Attorneys at Law LLP Investigates DuPont de Nemours, Inc.’s Directors and Officers for Breach of Fiduciary Duties – DD
Scott+Scott Attorneys at Law LLP (“Scott+Scott”), an international securities and consumer rights litigation firm, reminds investors of its continuing...
.
10 Jul 2023",0.1027
DuPont de Nemours,"Yahoo Finance
DuPont de Nemours (DD) Down 2.2% Since Last Earnings Report: Can It Rebound?
Barring one-time items, earnings came in at $1.18 per share in the reported quarter, topping the Zacks Consensus Estimate of $1.04. DuPont logged net sales of...
.
5 Dec 2024",0.296
DuPont de Nemours,"Bloomberg Law News
UN Probes DuPont, Chemours Over Human Rights Harms From PFAS (3)
A UN investigative office took aim at three companies tied to historical DuPont, along with the Netherlands and the US, for their role in violating human...
.
23 Nov 2023",-0.7717
DuPont de Nemours,"CNBC
States sue 3M, DuPont over toxic 'forever chemicals' found in drinking water
3M faces a bellwether trial over PFAS, set to begin Monday, that could set the tone for future lawsuits.
.
2 Jun 2023",-0.1531
DuPont de Nemours,"Delaware Business Times
Delaware gets $25M after Ohio-DuPont PFAS settlement
After settlement of an Ohio lawsuit over “forever chemicals,” Delaware will receive $25 million more from legacy DuPont companies.
.
30 Nov 2023",-0.2263
DuPont de Nemours,"The Courier-Journal
Kentucky suing DuPont over years of chemical contamination from upstream W.Va. plant
The lawsuit details how the Washington Works plant sent PFAS chemicals down the Ohio and toward Kentucky for decades.
.
4 Apr 2023",-0.4588
DuPont de Nemours,"The News Journal
Irénée du Pont, patriarch of Delaware's du Pont family, dead at 103
Irénée du Pont Jr., the patriarch of Delaware's prominent, wealthy and influential du Pont family, died Monday. He was 103.
.
19 Jan 2023",-0.296
DuPont de Nemours,"Reuters
Chemical makers settle PFAS-related claims for $1.19 billion
Chemours Co , DuPont de Nemours Inc and Corteva Inc on Friday said they had reached an agreement in principle to settle claims that they contaminated U.S....
.
2 Jun 2023",0.5574
DuPont de Nemours,"RTL Today
160 jobs at risk: DuPont Teijin Films initiates social plan without informing trade unions
Trade unions are furious after the management of DuPont Teijin Films presented them with a fait accompli on Thursday.
.
10 Mar 2023",-0.7003
DuPont de Nemours,"Benzinga
Amazon, Disney, DuPont, Leidos And A Financial Stock On CNBC's 'Final Trades'
Amazon.com's Amazon Prime Video recently unveiled an X-Ray Recaps feature to help users stay updated on their favorite shows.
.
6 Nov 2024",0.7964
DuPont de Nemours,"Insurance Journal
3M, DuPont to Pay $100 Million to End Georgia Lawsuit Over Polluted Drinking Water
3M Co., DuPont de Nemours Inc. and other makers of per-and polyfluoroalkyl substances, or PFAS, have agreed to pay more than $100 million to resolve a Georgia...
.
2 Jun 2023",-0.25
DuPont de Nemours,"Reuters
DuPont's quarterly loss warning, gloomy forecast send shares plunging 14%
Chemical maker DuPont De Nemours on Wednesday flagged a swing to a loss for the fourth quarter and forecast first-quarter sales below Wall Street estimates,...
.
24 Jan 2024",-0.6597
